,,,,,,Scoring,,,,,Goals,,,,Assists,,,,,Ice Time,,,,,,
Rk,Player,Age,Pos,Tm,GP,G,A,PTS,+/-,PIM,EV,PP,SH,GW,EV,PP,SH,S,S%,TOI,ATOI,BLK,HIT,FOW,FOL,FO%
1,Connor McDavid\mcdavco01,20,C,EDM,74,26,61,87,23,26,23,3,0,6,40,20,1,217,12.0,1567,21:10,24,32,325,418,43.7
2,Sidney Crosby\crosbsi01,29,C,PIT,68,42,40,82,20,24,29,13,0,5,30,10,0,237,17.7,1360,19:00,22,75,771,822,48.4
3,Patrick Kane\kanepa01,28,RW,CHI,74,33,48,81,13,30,26,7,0,5,34,14,0,272,12.1,1598,21:36,14,27,5,40,11.1
4,Brad Marchand\marchbr03,28,LW,BOS,74,37,43,80,15,64,26,8,3,7,28,13,2,215,17.2,1452,19:37,33,48,13,23,36.1
5,Nikita Kucherov\kucheni01,23,RW,TBL,67,38,40,78,13,36,21,17,0,6,28,12,0,229,16.6,1299,19:23,20,27,0,0,
6,Nicklas Backstrom\backsni02,29,C,WSH,73,22,56,78,16,36,15,7,0,5,33,23,0,144,15.3,1337,18:19,30,41,616,586,51.2
7,Mark Scheifele\scheima01,23,C,WPG,72,29,46,75,11,36,22,7,0,4,38,7,1,141,20.6,1466,20:22,32,47,570,742,43.4
8,Evgeni Malkin\malkiev01,30,C,PIT,62,33,39,72,18,77,22,11,0,6,27,12,0,191,17.3,1154,18:37,25,40,365,481,43.1
9,Brent Burns\burnsbr01,31,D,SJS,74,27,44,71,19,38,20,7,0,5,28,15,1,288,9.4,1842,24:54,125,65,0,0,
10,Leon Draisaitl\draisle01,21,C,EDM,74,26,43,69,4,20,16,10,0,3,28,15,0,156,16.7,1394,18:50,31,36,445,469,48.7
11,Tyler Seguin\seguity01,25,C,DAL,74,24,45,69,-13,22,14,10,0,3,28,17,0,272,8.8,1371,18:31,24,58,347,335,50.9
12,Erik Karlsson\karlser01,26,D,OTT,73,14,53,67,6,22,12,2,0,4,28,23,2,202,6.9,1963,26:53,197,64,0,0,
13,Jamie Benn\bennja01,27,LW,DAL,69,25,41,66,-5,60,13,11,1,4,28,13,0,183,13.7,1345,19:29,44,83,200,194,50.8
14,Mikael Granlund\granlmi01,24,C,MIN,73,25,41,66,21,12,15,7,3,3,28,12,1,166,15.1,1384,18:58,47,47,15,15,50.0
15,Artemi Panarin\panarar01,25,LW,CHI,74,24,42,66,19,21,17,7,0,5,34,8,0,182,13.2,1452,19:37,14,19,2,7,22.2
16,Vladimir Tarasenko\tarasvl01,25,RW,STL,73,34,31,65,-5,12,25,9,0,6,19,12,0,242,14.0,1344,18:24,29,40,5,4,55.6
17,Phil Kessel\kesseph01,29,RW,PIT,74,22,43,65,4,20,14,8,0,4,23,20,0,205,10.7,1333,18:01,15,12,4,10,28.6
18,David Pastrnak\pastrda01,20,RW,BOS,67,32,32,64,8,32,22,10,0,6,20,12,0,243,13.2,1212,18:05,28,65,2,1,66.7
19,Joe Pavelski\paveljo01,32,C,SJS,74,28,36,64,11,28,20,7,1,7,22,14,0,214,13.1,1416,19:08,68,123,406,367,52.5
20,John Tavares\tavarjo01,26,C,NYI,73,27,37,64,8,38,19,7,1,3,26,10,1,247,10.9,1488,20:23,19,41,785,761,50.8
21,Blake Wheeler\wheelbl01,30,RW,WPG,75,22,42,64,-1,45,16,5,1,3,27,14,1,238,9.2,1500,20:00,50,88,42,51,45.2
22,Victor Hedman\hedmavi01,26,D,TBL,71,15,47,62,1,47,11,4,0,5,22,25,0,151,9.9,1723,24:16,119,79,0,0,
23,Ryan Getzlaf\getzlry01,31,C,ANA,67,14,48,62,6,47,7,5,2,3,36,12,0,126,11.1,1415,21:07,79,89,462,454,50.4
24,Patrik Laine\lainepa01,18,RW,WPG,67,34,27,61,6,24,25,9,0,5,22,5,0,183,18.6,1208,18:01,32,77,0,3,0.0
25,Jeff Carter\carteje01,32,C,LAK,73,31,30,61,-1,35,20,10,1,9,19,11,0,228,13.6,1320,18:05,33,79,655,613,51.7
26,Alex Ovechkin\ovechal01,31,LW,WSH,73,29,32,61,7,46,16,13,0,7,25,7,0,284,10.2,1347,18:27,25,196,0,1,0.0
27,Henrik Zetterberg\zettehe01,36,LW,DET,73,16,45,61,15,20,14,2,0,0,36,9,0,171,9.4,1437,19:41,27,52,619,578,51.7
28,Cam Atkinson\atkinca01,27,RW,CBJ,73,33,27,60,14,22,21,10,2,7,16,11,0,220,15.0,1327,18:11,31,26,2,0,100.0
29,Auston Matthews\matthau01,19,C,TOR,73,33,27,60,5,14,27,6,0,6,14,13,0,244,13.5,1288,17:39,58,18,470,544,46.4
30,Max Pacioretty\pacioma01,28,LW,MTL,74,33,27,60,8,34,24,8,1,7,21,5,1,246,13.4,1420,19:12,30,59,27,23,54.0
31,Nikolaj Ehlers\ehlerni01,20,LW,WPG,75,22,36,58,-4,34,17,5,0,4,29,7,0,174,12.6,1308,17:27,23,41,0,4,0.0
32,Mitch Marner\marnemi01,19,C,TOR,68,17,40,57,-1,36,14,3,0,5,25,15,0,163,10.4,1143,16:48,38,40,13,20,39.4
33,Eric Staal\staaler01,32,C,MIN,73,24,32,56,10,28,20,3,1,7,20,11,1,185,13.0,1364,18:41,38,34,534,550,49.3
34,William Nylander\nylanwi01,20,C,TOR,72,21,35,56,2,30,12,9,0,2,19,16,0,184,11.4,1152,16:00,15,20,44,65,40.4
35,Jakub Voracek\voracja01,27,RW,PHI,73,18,38,56,-25,52,14,4,0,2,22,16,0,231,7.8,1408,19:18,15,28,3,10,23.1
36,Nazem Kadri\kadrina01,26,C,TOR,73,30,25,55,-10,85,19,11,0,6,20,5,0,214,14.0,1212,16:36,30,110,483,527,47.8
37,James van Riemsdyk\vanrija01,27,LW,TOR,73,23,32,55,-2,35,18,5,0,4,20,12,0,212,10.8,1152,15:47,27,58,1,4,20.0
38,Jonathan Toews\toewsjo01,28,C,CHI,65,20,35,55,14,33,14,6,0,5,25,10,0,180,11.1,1322,20:21,30,42,785,621,55.8
39,Ryan Johansen\johanry01,24,C,NSH,73,12,43,55,6,56,8,3,1,3,26,17,0,141,8.5,1376,18:51,26,69,709,585,54.8
40,Filip Forsberg\forsbfi01,22,LW,NSH,73,29,25,54,-1,28,23,3,3,8,20,5,0,212,13.7,1355,18:34,22,89,5,13,27.8
41,Mike Hoffman\hoffmmi02,27,LW,OTT,66,22,32,54,14,51,9,13,0,8,20,12,0,201,10.9,1144,17:20,19,40,12,8,60.0
42,Evgeny Kuznetsov\kuzneev01,24,C,WSH,73,17,37,54,18,40,14,3,0,3,28,9,0,148,11.5,1235,16:55,16,46,414,535,43.6
43,Johnny Gaudreau\gaudrjo01,23,LW,CGY,64,16,38,54,-4,4,13,3,0,3,28,10,0,167,9.6,1203,18:48,13,7,0,0,
44,Alexander Wennberg\wennbal01,22,C,CBJ,72,12,42,54,6,19,10,2,0,4,22,20,0,99,12.1,1329,18:27,54,56,547,624,46.7
45,Jeff Skinner\skinnje01,24,LW,CAR,69,29,24,53,-6,26,23,6,0,3,16,8,0,235,12.3,1222,17:42,24,28,8,16,33.3
46,Viktor Arvidsson\arvidvi01,23,LW,NSH,71,27,26,53,15,24,19,4,4,4,21,3,2,218,12.4,1212,17:04,40,21,4,11,26.7
47,Mikko Koivu\koivumi01,33,C,MIN,72,18,35,53,24,22,16,2,0,4,17,16,2,128,14.1,1385,19:14,60,29,844,698,54.7
48,Claude Giroux\giroucl01,29,C,PHI,73,14,39,53,-16,38,9,5,0,3,15,23,1,180,7.8,1407,19:16,25,61,875,705,55.4
49,Logan Couture\coutulo01,27,C,SJS,72,25,27,52,12,12,14,11,0,3,22,4,1,174,14.4,1273,17:41,63,57,294,447,39.7
50,J.T. Miller\millejt01,23,LW,NYR,74,20,32,52,21,21,16,1,3,6,26,5,1,122,16.4,1217,16:27,49,96,149,182,45.0
51,Radim Vrbata\vrbatra01,35,RW,ARI,74,18,34,52,-18,14,15,3,0,3,23,11,0,215,8.4,1263,17:04,26,44,17,27,38.6
52,Mats Zuccarello\zuccama01,29,RW,NYR,74,15,37,52,14,26,10,5,0,3,31,6,0,186,8.1,1397,18:53,48,83,6,6,50.0
53,T.J. Oshie\oshietj01,30,RW,WSH,60,30,21,51,26,34,22,7,1,3,15,4,2,127,23.6,1070,17:50,45,85,80,80,50.0
54,Ryan Kesler\keslery01,32,C,ANA,74,20,31,51,8,65,13,7,0,2,20,11,0,174,11.5,1591,21:30,68,134,937,682,57.9
55,Kyle Palmieri\palmiky01,25,RW,NJD,71,25,25,50,1,44,16,8,1,3,14,11,0,172,14.5,1226,17:16,35,114,12,15,44.4
56,Sean Monahan\monahse01,22,C,CGY,74,24,26,50,-1,18,17,6,1,3,19,7,0,181,13.3,1316,17:47,23,31,696,627,52.6
57,Mark Stone\stonema01,24,RW,OTT,63,22,28,50,10,25,16,6,0,5,20,8,0,120,18.3,1163,18:28,45,37,7,14,33.3
58,Vincent Trocheck\trochvi01,23,C,FLA,73,22,28,50,-15,37,20,2,0,2,17,10,1,210,10.5,1535,21:02,46,151,762,747,50.5
59,Mikael Backlund\backlmi01,27,C,CGY,74,21,29,50,11,18,14,7,0,7,18,8,3,181,11.6,1295,17:30,37,51,648,704,47.9
60,Jack Eichel\eicheja01,20,C,BUF,53,21,29,50,-9,14,12,9,0,3,17,12,0,216,9.7,1064,20:04,32,25,276,418,39.8
61,David Krejci\krejcda01,30,C,BOS,74,21,29,50,-13,20,13,8,0,1,23,6,0,150,14.0,1357,18:20,45,39,598,565,51.4
62,Conor Sheary\shearco01,24,LW,PIT,54,21,29,50,26,20,20,1,0,5,26,3,0,138,15.2,861,15:56,19,27,0,0,
63,Tyler Bozak\bozakty01,30,C,TOR,69,17,33,50,-2,18,11,6,0,1,23,10,0,133,12.8,1127,16:20,20,42,668,516,56.4
64,Josh Bailey\bailejo01,27,LW,NYI,73,12,38,50,8,12,9,3,0,1,31,7,0,163,7.4,1354,18:33,48,36,7,6,53.8
65,Duncan Keith\keithdu01,33,D,CHI,74,6,44,50,17,14,4,2,0,2,31,13,0,170,3.5,1906,25:45,100,23,0,0,
66,Wayne Simmonds\simmowa01,28,RW,PHI,73,29,20,49,-21,94,12,15,2,4,12,8,0,199,14.6,1394,19:06,53,144,8,9,47.1
67,Chris Kreider\kreidch01,25,LW,NYR,68,26,23,49,7,48,20,6,0,3,16,7,0,171,15.2,1156,16:00,29,123,5,4,55.6
68,Kyle Turris\turriky01,27,C,OTT,70,25,24,49,-6,41,19,6,0,6,14,10,0,163,15.3,1353,19:20,56,20,574,499,53.5
69,Brandon Saad\saadbr01,24,LW,CBJ,73,21,28,49,21,8,20,1,0,4,26,2,0,182,11.5,1249,17:07,22,16,4,5,44.4
70,Nino Niederreiter\niedeni01,24,RW,MIN,73,20,29,49,15,47,12,8,0,2,23,6,0,166,12.0,1101,15:05,17,107,0,1,0.0
71,Taylor Hall\hallta02,25,LW,NJD,63,18,31,49,-7,28,12,6,0,4,23,8,0,210,8.6,1226,19:28,25,49,7,10,41.2
72,Patrice Bergeron\bergepa01,31,C,BOS,71,17,32,49,7,24,10,7,0,7,20,9,3,270,6.3,1376,19:22,44,51,986,660,59.9
73,Charlie Coyle\coylech01,24,C,MIN,73,17,32,49,9,36,13,4,0,4,28,4,0,146,11.6,1229,16:50,61,89,104,120,46.4
74,Derek Stepan\stepade01,26,C,NYR,74,13,36,49,17,16,10,2,1,1,22,14,0,188,6.9,1379,18:38,43,24,671,726,48.0
75,Joe Thornton\thornjo01,37,C,SJS,74,7,42,49,9,49,6,1,0,0,25,17,0,78,9.0,1344,18:09,31,48,358,339,51.4
76,Nick Foligno\foligni01,29,LW,CBJ,70,24,24,48,0,49,13,11,0,5,15,9,0,168,14.3,1294,18:29,47,119,35,43,44.9
77,Brayden Schenn\schenbr01,25,C,PHI,70,22,26,48,-21,36,7,15,0,6,15,11,0,154,14.3,1248,17:50,37,178,229,260,46.8
78,Aleksander Barkov\barkoal01,21,C,FLA,58,20,28,48,13,10,17,3,0,4,19,9,0,137,14.6,1121,19:19,30,36,453,525,46.3
79,Jonathan Drouin\drouijo01,21,LW,TBL,65,18,30,48,-7,16,11,7,0,5,14,16,0,169,10.7,1154,17:45,16,42,84,108,43.8
80,Ryan O'Reilly\oreilry01,25,C,BUF,64,17,31,48,-1,10,10,7,0,3,15,15,1,171,9.9,1386,21:39,40,19,921,671,57.9
81,Alexander Radulov\radulal01,30,RW,MTL,69,15,33,48,3,62,9,6,0,1,23,10,0,133,11.3,1258,18:14,34,68,5,5,50.0
82,Dustin Byfuglien\byfugdu01,31,D,WPG,74,12,36,48,1,103,11,1,0,1,23,13,0,224,5.4,2032,27:27,119,178,0,0,
83,Dougie Hamilton\hamildo01,23,D,CGY,73,12,36,48,12,56,10,2,0,5,23,12,1,204,5.9,1432,19:37,89,64,0,0,
84,Justin Schultz\schulju01,26,D,PIT,71,12,36,48,31,30,9,3,0,1,20,16,0,143,8.4,1436,20:13,102,60,0,0,
85,Kevin Shattenkirk\shattke01,28,D,TOT,71,11,37,48,-12,47,4,7,0,0,20,17,0,141,7.8,1411,19:53,78,80,0,0,
86,Torey Krug\krugto01,25,D,BOS,74,7,41,48,-14,33,2,5,0,1,23,18,0,195,3.6,1626,21:59,75,52,0,1,0.0
87,Marcus Johansson\johanma03,26,LW,WSH,73,22,25,47,19,10,18,4,0,5,16,9,0,114,19.3,1240,16:59,18,29,13,13,50.0
88,Bo Horvat\horvabo01,21,C,VAN,72,20,27,47,-4,22,15,3,2,1,21,6,0,132,15.2,1295,17:59,38,60,674,645,51.1
89,Kevin Hayes\hayeske01,24,RW,NYR,69,17,30,47,16,16,15,1,1,4,19,5,6,128,13.3,1144,16:35,26,37,404,486,45.4
90,Nathan MacKinnon\mackina01,21,C,COL,73,15,32,47,-18,14,11,2,2,4,23,9,0,228,6.6,1460,19:00,26,48,678,673,50.2
91,Corey Perry\perryco01,31,RW,ANA,74,15,32,47,0,57,12,3,0,2,17,15,0,200,7.5,1321,17:51,30,73,7,13,35.0
92,Zach Werenski\werenza01,19,D,CBJ,73,11,36,47,20,14,7,4,0,1,19,17,0,182,6.0,1531,20:58,80,38,0,0,
93,Jason Zucker\zuckeja01,25,LW,MIN,73,21,25,46,29,30,20,1,0,3,25,0,0,157,13.4,1111,15:13,42,63,1,4,20.0
94,Thomas Vanek\vanekth01,33,LW,TOT,59,16,30,46,-6,18,11,5,0,2,22,8,0,118,13.6,853,14:27,3,28,6,9,40.0
95,Jaden Schwartz\schwaja01,24,LW,STL,69,15,31,46,6,18,12,3,0,4,26,5,0,153,9.8,1300,18:50,40,69,53,57,48.2
96,Matthew Tkachuk\tkachma01,19,LW,CGY,68,13,33,46,14,96,10,3,0,2,24,9,0,131,9.9,986,14:30,17,62,8,15,34.8
97,Anze Kopitar\kopitan01,29,C,LAK,67,11,35,46,-10,22,6,5,0,0,22,12,1,135,8.1,1398,20:52,49,70,777,724,51.8
98,Rickard Rakell\rakelri01,23,C,ANA,63,32,13,45,5,8,27,5,0,10,8,5,0,158,20.3,1101,17:28,24,71,62,84,42.5
99,Anders Lee\leean01,26,LW,NYI,72,28,17,45,9,44,21,7,0,5,12,5,0,165,17.0,1113,15:28,31,151,1,5,16.7
100,Jon Marchessault\audymjo01,26,C,FLA,66,25,20,45,-19,30,18,7,0,6,11,9,0,173,14.5,1128,17:06,17,100,109,133,45.0
101,Artem Anisimov\anisiar01,28,C,CHI,64,22,23,45,9,30,18,4,0,7,19,4,0,105,21.0,1142,17:51,27,18,416,506,45.1
102,Sam Gagner\gagnesa01,27,C,CBJ,72,18,27,45,8,20,10,8,0,1,17,10,0,157,11.5,979,13:36,16,19,175,200,46.7
103,Jordan Eberle\eberljo01,26,RW,EDM,74,16,29,45,3,16,13,3,0,0,19,10,0,183,8.7,1254,16:56,35,22,9,8,52.9
104,Henrik Sedin\sedinhe01,36,C,VAN,73,15,30,45,-22,24,14,1,0,4,18,12,0,88,17.0,1396,19:07,10,13,545,569,48.9
105,Alex Steen\steenal01,32,LW,STL,67,14,31,45,-6,47,12,2,0,1,18,13,0,100,14.0,1289,19:14,61,30,58,108,34.9
106,Jason Spezza\spezzja01,33,C,DAL,60,12,33,45,-15,27,9,2,1,3,16,17,0,127,9.4,964,16:04,29,11,333,308,52.0
107,Sebastian Aho\ahose01,19,RW,CAR,72,21,23,44,-1,24,15,5,1,4,13,9,1,186,11.3,1196,16:36,13,41,14,16,46.7
108,Jakob Silfverberg\silfvja01,26,RW,ANA,71,21,23,44,12,20,15,5,1,5,21,2,0,211,10.0,1312,18:29,39,43,1,6,14.3
109,Tyler Johnson\johnsty01,26,C,TBL,64,19,25,44,-3,28,13,6,0,3,14,11,0,128,14.8,1212,18:56,28,46,574,527,52.1
110,Sam Reinhart\reinhsa01,21,C,BUF,72,17,27,44,-9,8,8,9,0,3,19,8,0,169,10.1,1245,17:18,39,20,86,123,41.1
111,John Klingberg\klingjo01,24,D,DAL,72,12,32,44,4,34,8,4,0,3,21,11,0,116,10.3,1687,23:26,104,37,1,0,100.0
112,Roman Josi\josiro01,26,D,NSH,64,11,33,44,1,18,5,6,0,1,22,10,1,190,5.8,1612,25:11,110,50,0,0,
113,Rasmus Ristolainen\ristora01,22,D,BUF,74,5,39,44,-9,44,4,1,0,2,14,24,1,177,2.8,1977,26:43,156,186,0,0,
114,Patrick Eaves\eavespa01,32,RW,TOT,71,25,18,43,-6,20,14,11,0,1,13,5,0,188,13.3,1177,16:35,40,76,2,2,50.0
115,Patrick Marleau\marlepa01,37,LW,SJS,74,25,18,43,9,18,19,6,0,6,10,8,0,180,13.9,1264,17:05,30,76,76,72,51.4
116,Kyle Okposo\okposky01,28,RW,BUF,63,19,24,43,-6,22,12,7,0,2,9,15,0,151,12.6,1202,19:04,25,52,54,45,54.5
117,Milan Lucic\lucicmi01,28,LW,EDM,74,18,25,43,-7,41,10,8,0,2,12,13,0,153,11.8,1275,17:14,17,181,4,3,57.1
118,Marian Hossa\hossama01,38,RW,CHI,66,24,18,42,6,8,18,5,1,6,12,6,0,150,16.0,1112,16:51,31,27,5,8,38.5
119,Tanner Pearson\pearsta01,24,LW,LAK,71,23,19,42,10,11,19,3,1,4,14,4,1,169,13.6,1160,16:21,22,112,9,13,40.9
120,Michael Frolik\frolimi01,28,RW,CGY,74,16,26,42,12,44,11,3,2,1,20,5,1,184,8.7,1258,16:00,42,51,12,16,42.9
121,Victor Rask\raskvi01,23,C,CAR,72,16,26,42,-8,12,12,4,0,3,20,5,1,163,9.8,1258,17:28,32,39,402,408,49.6
122,Ondrej Palat\palaton01,25,LW,TBL,67,15,27,42,3,37,12,3,0,2,18,9,0,139,10.8,1268,18:55,51,125,9,19,32.1
123,Jordan Staal\staaljo01,28,C,CAR,65,15,27,42,4,32,10,4,1,3,23,4,0,143,10.5,1211,18:38,25,114,609,416,59.4
124,Jason Pominville\pominja01,34,RW,MIN,69,11,31,42,-1,4,11,0,0,2,24,7,0,154,7.1,974,14:07,36,40,36,39,48.0
125,Mike Fisher\fishemi01,36,C,NSH,68,17,24,41,-1,53,10,7,0,3,14,10,0,110,15.5,1139,16:45,63,148,667,558,54.4
126,Alex Galchenyuk\galchal01,22,C,MTL,53,16,25,41,-1,22,10,6,0,5,17,8,0,94,17.0,860,16:14,30,34,270,366,42.5
127,Shea Weber\webersh01,31,D,MTL,74,16,25,41,16,36,5,11,0,4,13,10,2,171,9.4,1865,25:12,154,136,0,0,
128,Jaromir Jagr\jagrja01,44,RW,FLA,73,14,27,41,10,50,8,6,0,2,23,4,0,155,9.0,1246,17:04,4,21,0,1,0.0
129,Travis Zajac\zajactr01,31,C,NJD,71,13,28,41,-7,27,6,6,1,1,22,5,1,118,11.0,1413,19:54,25,73,765,650,54.1
130,Elias Lindholm\lindhel01,22,C,CAR,62,10,31,41,-4,14,8,1,1,0,19,8,4,136,7.4,1126,18:10,39,81,287,247,53.7
131,Drew Doughty\doughdr01,27,D,LAK,73,9,32,41,3,42,5,4,0,0,17,14,1,160,5.6,1988,27:14,100,125,1,0,100.0
132,Richard Panik\panikri01,25,LW,CHI,74,20,20,40,14,41,16,4,0,4,16,4,0,141,14.2,1089,14:43,41,141,2,5,28.6
133,Justin Williams\williju01,35,RW,WSH,72,20,20,40,11,44,16,4,0,3,15,5,0,149,13.4,1117,15:31,38,24,62,48,56.4
134,Paul Stastny\stastpa01,31,C,STL,66,18,22,40,4,36,13,5,0,5,14,8,0,112,16.1,1263,19:08,35,51,786,624,55.7
135,David Perron\perroda01,28,LW,STL,73,15,25,40,-3,52,12,2,1,3,16,9,0,133,11.3,1269,17:23,23,80,30,31,49.2
136,Daniel Sedin\sedinda01,36,LW,VAN,73,14,26,40,-13,32,8,6,0,3,19,7,0,191,7.3,1348,18:28,17,19,3,3,50.0
137,Brandon Dubinsky\dubinbr01,30,C,CBJ,71,11,29,40,22,85,10,1,0,5,26,3,0,110,10.0,1267,17:51,53,219,689,643,51.7
138,Seth Jones\jonesse01,22,D,CBJ,67,11,29,40,14,20,11,0,0,3,23,6,0,130,8.5,1568,23:24,109,55,0,0,
139,Nick Leddy\leddyni01,25,D,NYI,72,11,29,40,-4,10,8,3,0,1,19,10,0,121,9.1,1643,22:49,91,72,0,0,
140,Alex Pietrangelo\pietral01,27,D,STL,72,11,29,40,2,22,6,5,0,3,18,11,0,155,7.1,1812,25:10,146,37,0,1,0.0
141,Michael Grabner\grabnmi01,29,RW,NYR,68,27,12,39,26,10,26,0,1,3,10,0,2,147,18.4,954,14:02,30,38,7,6,53.8
142,Evander Kane\kaneev01,25,LW,BUF,62,25,14,39,-16,97,22,3,0,5,9,5,0,221,11.3,1188,19:09,25,98,53,65,44.9
143,Patrick Maroon\maroopa01,28,LW,EDM,74,25,14,39,13,91,22,3,0,4,11,3,0,166,15.1,1229,16:37,23,174,6,9,40.0
144,Tomas Tatar\tatarto01,26,LW,DET,73,21,18,39,-8,26,19,2,0,4,16,2,0,147,14.3,1246,17:04,22,79,8,4,66.7
145,Bryan Little\littlbr01,29,C,WPG,52,20,19,39,-4,16,14,6,0,2,15,4,0,109,18.3,925,17:48,20,30,543,436,55.5
146,Patric Hornqvist\hornqpa01,30,RW,PIT,63,18,21,39,18,26,9,9,0,4,16,5,0,211,8.5,1005,15:57,54,211,3,6,33.3
147,Brock Nelson\nelsobr01,25,LW,NYI,72,17,22,39,-6,32,16,1,0,2,16,5,1,153,11.1,1127,15:39,44,47,298,390,43.3
148,Ryan McDonagh\mcdonry01,27,D,NYR,73,5,34,39,19,37,3,1,1,1,22,12,0,140,3.6,1782,24:24,154,75,0,0,
149,James Neal\nealja01,29,RW,NSH,64,21,17,38,-9,35,18,3,0,4,10,7,0,190,11.1,1140,17:49,16,80,2,3,40.0
150,Adam Henrique\henriad01,26,C,NJD,73,19,19,38,-14,32,12,5,2,2,14,4,1,126,15.1,1340,18:21,60,80,553,592,48.3
151,Teuvo Teravainen\teravte01,22,LW,CAR,71,15,23,38,-4,14,10,5,0,2,14,9,0,138,10.9,1142,16:05,26,18,192,220,46.6
152,Ryan Spooner\spoonry01,25,C,BOS,70,11,27,38,-5,14,8,3,0,3,12,14,1,137,8.0,1000,14:17,17,22,63,102,38.2
153,Gustav Nyquist\nyquigu01,27,RW,DET,67,10,28,38,-3,14,9,1,0,2,24,4,0,146,6.8,1150,17:10,17,43,4,1,80.0
154,Paul Byron\byronpa01,27,LW,MTL,73,20,17,37,15,29,19,0,1,5,14,3,0,89,22.5,1099,15:03,33,104,10,3,76.9
155,Matt Duchene\duchema01,26,C,COL,68,17,20,37,-35,10,14,3,0,3,14,6,0,144,11.8,1245,18:18,39,40,629,370,63.0
156,Derick Brassard\brassde01,29,C,OTT,73,13,24,37,13,20,10,3,0,2,20,4,0,174,7.5,1269,17:23,21,87,551,555,49.8
157,Oliver Ekman-Larsson\ekmanol01,25,D,ARI,74,12,25,37,-24,46,4,8,0,1,15,10,0,137,8.8,1815,24:32,81,106,0,0,
158,Valtteri Filppula\filppva01,32,C,TOT,70,8,29,37,-5,24,8,0,0,1,22,7,0,83,9.6,1225,17:30,34,25,499,558,47.2
159,Zach Parise\parisza01,32,LW,MIN,61,17,19,36,-5,30,12,5,0,4,13,6,0,176,9.7,1085,17:47,65,46,6,4,60.0
160,Ryan Nugent-Hopkins\nugenry01,23,C,EDM,74,15,21,36,-13,27,11,4,0,4,16,5,0,192,7.8,1316,17:47,30,43,494,636,43.7
161,Lee Stempniak\stemple01,33,RW,CAR,72,14,22,36,-1,32,12,2,0,2,18,4,0,119,11.8,1138,15:49,14,101,3,5,37.5
162,Mathieu Perreault\perrema01,29,C,WPG,58,10,26,36,-9,28,8,2,0,2,16,10,0,120,8.3,935,16:07,22,91,97,92,51.3
163,Jake Gardiner\gardija01,26,D,TOR,73,9,27,36,25,30,7,2,0,2,18,9,0,117,7.7,1563,21:25,75,60,0,0,
164,John Carlson\carlsjo01,27,D,WSH,67,8,28,36,11,10,6,2,0,3,14,13,1,168,4.8,1527,22:48,116,57,0,0,
165,Alec Martinez\martial01,29,D,LAK,73,8,28,36,-13,22,6,1,1,3,17,11,0,131,6.1,1579,21:38,147,127,0,1,0.0
166,Ryan Suter\suterry01,32,D,MIN,73,8,28,36,32,32,3,4,1,1,20,7,1,147,5.4,1981,27:09,86,69,0,0,
167,Keith Yandle\yandlke01,30,D,FLA,73,5,31,36,-3,37,3,2,0,0,18,12,1,160,3.1,1616,22:08,70,24,0,0,
168,Matt Niskanen\niskama01,30,D,WSH,70,4,32,36,23,26,3,1,0,1,23,8,1,136,2.9,1556,22:14,87,127,0,0,
169,Brent Seabrook\seabrbr01,31,D,CHI,72,3,33,36,2,20,1,2,0,0,21,12,0,119,2.5,1582,21:58,127,105,0,0,
170,Rick Nash\nashri01,32,RW,NYR,61,20,15,35,7,22,13,6,1,3,12,3,0,183,10.9,1007,16:30,31,60,0,1,0.0
171,David Backes\backeda01,32,RW,BOS,66,16,19,35,-1,65,14,2,0,2,15,4,0,155,10.3,1130,17:08,41,198,59,62,48.8
172,Ryan Ellis\ellisry01,26,D,NSH,63,15,20,35,11,29,11,4,0,3,11,7,2,118,12.7,1517,24:05,118,59,0,0,
173,Phillip Danault\danauph01,23,LW,MTL,74,11,24,35,0,28,11,0,0,3,21,2,1,115,9.6,1151,15:33,50,75,475,445,51.6
174,Cam Fowler\fowleca01,25,D,ANA,74,11,24,35,5,20,5,5,1,3,16,7,1,172,6.4,1843,24:54,126,28,0,0,
175,P.K. Subban\subbapk01,27,D,NSH,57,8,27,35,-2,44,5,3,0,2,14,12,1,127,6.3,1394,24:27,94,71,0,0,
176,Tobias Rieder\riedeto01,24,RW,ARI,72,16,18,34,-6,6,13,2,1,1,13,4,1,140,11.4,1258,17:28,31,20,4,9,30.8
177,Anthony Mantha\manthan01,22,RW,DET,56,15,19,34,11,48,14,1,0,3,17,2,0,128,11.7,909,16:14,32,45,5,6,45.5
178,Scott Hartnell\hartnsc01,34,LW,CBJ,70,13,21,34,14,59,11,2,0,1,20,1,0,92,14.1,839,11:59,34,72,3,3,50.0
179,Mark Giordano\giordma01,33,D,CGY,74,12,22,34,24,54,7,3,2,4,12,9,1,136,8.8,1755,23:43,171,72,0,0,
180,Tyson Barrie\barrity01,25,D,COL,65,6,28,34,-29,16,6,0,0,2,20,8,0,158,3.8,1515,23:18,66,29,0,0,
181,Kris Letang\letankr01,29,D,PIT,41,5,29,34,2,32,3,2,0,2,16,12,1,122,4.1,1046,25:31,70,70,0,0,
182,Brady Skjei\skjeibr01,22,D,NYR,73,4,30,34,15,42,4,0,0,0,25,5,0,116,3.4,1251,17:08,62,126,0,1,0.0
183,Sven Baertschi\baertsv01,24,LW,VAN,61,17,16,33,-4,6,15,2,0,5,12,4,0,103,16.5,952,15:37,26,48,1,0,100.0
184,Mikko Rantanen\rantami01,20,RW,COL,68,16,17,33,-29,20,12,4,0,2,11,6,0,117,13.7,1223,17:59,26,26,21,14,60.0
185,Mark Letestu\letesma01,31,C,EDM,71,15,18,33,-1,17,3,10,2,6,15,2,1,106,14.2,1002,14:07,29,66,416,403,50.8
186,Frans Nielsen\nielsfr01,32,C,DET,70,14,19,33,-17,16,8,4,2,0,10,9,0,144,9.7,1200,17:08,49,59,577,492,54.0
187,Max Domi\domima01,21,LW,ARI,51,9,24,33,-12,38,8,1,0,1,20,4,0,100,9.0,871,17:04,18,28,4,4,50.0
188,Andrej Sekera\sekeran01,30,D,EDM,72,8,25,33,10,18,6,1,1,1,17,8,0,113,7.1,1552,21:33,145,47,0,0,
189,Nikita Zaitsev\zaitsni01,25,D,TOR,73,4,29,33,-20,34,3,1,0,0,20,8,1,99,4.0,1629,22:19,122,161,0,0,
190,Markus Granlund\granlma01,23,C,VAN,69,19,13,32,-19,14,16,3,0,3,9,4,0,122,15.6,1194,17:19,11,32,40,61,39.6
191,Martin Hanzal\hanzama01,29,C,TOT,62,17,15,32,-19,49,13,4,0,2,11,4,0,151,11.3,1119,18:03,53,128,676,542,55.5
192,Alex Killorn\killoal01,27,LW,TBL,73,17,15,32,-11,62,13,3,1,3,9,6,0,160,10.6,1323,18:08,22,85,4,7,36.4
193,Nick Bonino\boninni01,28,C,PIT,73,16,16,32,-4,16,10,5,1,1,12,4,0,132,12.1,1207,16:32,93,55,524,572,47.8
194,Zack Smith\smithza01,28,C,OTT,71,16,16,32,6,61,11,1,4,1,16,0,0,133,12.0,1177,16:34,35,138,308,282,52.2
195,Andrew Cogliano\coglian01,29,LW,ANA,74,15,17,32,8,26,12,0,3,1,16,0,1,161,9.3,1130,15:16,25,64,7,10,41.2
196,Brian Gionta\giontbr01,38,RW,BUF,74,14,18,32,-8,22,11,2,1,2,14,4,0,135,10.4,1238,16:44,27,48,44,56,44.0
197,Brayden Point\pointbr01,20,C,TBL,60,13,19,32,0,14,9,4,0,1,13,6,0,103,12.6,999,16:39,27,30,178,216,45.2
198,Reilly Smith\smithre01,25,RW,FLA,71,12,20,32,-12,13,5,6,1,3,16,4,0,147,8.2,1323,18:38,30,67,3,3,50.0
199,Dustin Brown\browndu01,32,RW,LAK,71,11,21,32,-5,20,6,4,1,1,19,2,0,156,7.1,1133,15:58,28,180,2,3,40.0
200,Mike Green\greenmi03,31,D,DET,63,11,21,32,-17,38,9,2,0,2,15,6,0,107,10.3,1485,23:34,79,56,0,0,
201,Nick Holden\holdeni01,29,D,NYR,74,10,22,32,14,31,8,2,0,2,20,1,1,75,13.3,1532,20:42,79,150,0,1,0.0
202,Andrei Markov\markoan01,38,D,MTL,55,4,28,32,11,16,4,0,0,0,17,10,1,83,4.8,1196,21:45,62,32,0,0,
203,Colton Parayko\parayco01,23,D,STL,72,4,28,32,3,24,0,4,0,2,21,6,1,167,2.4,1518,21:05,106,71,0,0,
204,Patrik Berglund\berglpa01,28,C,STL,73,21,10,31,-5,26,18,3,0,4,7,3,0,139,15.1,1154,15:49,39,145,506,501,50.2
205,Connor Brown\brownco02,23,RW,TOR,73,17,14,31,3,10,14,2,1,3,11,3,0,122,13.9,1181,16:10,46,47,1,4,20.0
206,Brandon Sutter\suttebr03,27,C,VAN,72,17,14,31,-18,10,13,4,0,1,11,3,0,143,11.9,1363,18:56,47,69,707,590,54.5
207,Ryan Dzingel\dzingry01,24,LW,OTT,73,14,17,31,7,28,12,1,1,1,15,2,0,114,12.3,1054,14:26,20,66,7,20,25.9
208,Justin Faulk\faulkju01,24,D,CAR,65,14,17,31,-13,28,11,3,0,2,10,7,0,184,7.6,1500,23:05,76,101,0,0,
209,Tyler Toffoli\toffoty01,24,C,LAK,54,14,17,31,4,20,11,3,0,2,13,3,1,141,9.9,911,16:52,4,53,2,3,40.0
210,Colin Wilson\wilsoco01,27,LW,NSH,63,12,19,31,6,18,6,6,0,0,18,1,0,106,11.3,942,14:57,23,47,14,22,38.9
211,Andre Burakovsky\burakan01,21,LW,WSH,55,11,20,31,17,12,9,2,0,1,18,2,0,97,11.3,738,13:25,24,31,2,4,33.3
212,Radek Faksa\faksara01,23,C,DAL,72,11,20,31,-5,65,11,0,0,0,18,2,0,119,9.2,1170,16:15,58,92,549,583,48.5
213,Jared Spurgeon\spurgja01,27,D,MIN,69,8,23,31,31,20,7,1,0,2,18,4,1,131,6.1,1683,24:24,131,44,0,0,
214,Shayne Gostisbehere\gostish01,23,D,PHI,67,6,25,31,-24,26,4,2,0,1,7,18,0,169,3.6,1308,19:32,84,29,0,0,
215,Dmitry Orlov\orlovdm01,25,D,WSH,73,6,25,31,29,47,5,1,0,0,20,5,0,107,5.6,1421,19:28,86,114,0,0,
216,Jaccob Slavin\slavija01,22,D,CAR,72,5,26,31,20,12,4,0,1,0,19,4,3,89,5.6,1686,23:25,147,26,0,0,
217,Damon Severson\severda01,22,D,NJD,72,3,28,31,-26,51,3,0,0,1,15,13,0,110,2.7,1479,20:33,68,68,0,0,
218,Boone Jenner\jennebo01,23,C,CBJ,73,16,14,30,12,41,14,0,2,4,13,1,0,188,8.5,1173,16:04,72,189,77,71,52.0
219,Ryan Strome\stromry01,23,RW,NYI,69,13,17,30,-8,40,11,2,0,2,11,6,0,114,11.4,1008,14:36,21,59,147,197,42.7
220,Oscar Klefbom\klefbos01,23,D,EDM,74,12,18,30,4,6,9,3,0,3,10,8,0,184,6.5,1642,22:11,130,38,0,0,
221,Mike Cammalleri\cammami01,34,LW,NJD,55,10,20,30,-4,21,9,1,0,3,11,9,0,123,8.1,962,17:30,14,35,16,10,61.5
222,Mathew Dumba\dumbama01,22,D,MIN,67,10,20,30,16,57,5,5,0,1,14,5,1,114,8.8,1359,20:17,67,86,0,0,
223,Dion Phaneuf\phanedi01,31,D,OTT,73,9,21,30,-4,98,4,4,1,2,9,12,0,143,6.3,1682,23:02,143,116,0,0,
224,T.J. Brodie\broditj01,26,D,CGY,74,6,24,30,-19,22,4,1,1,2,15,8,1,75,8.0,1751,23:40,105,27,0,0,
225,Alex Goligoski\goligal01,31,D,ARI,74,5,25,30,-6,24,4,0,1,0,19,5,1,99,5.1,1725,23:18,137,126,0,0,
226,Ryan Hartman\hartmry01,22,LW,CHI,69,18,11,29,13,64,17,1,0,4,11,0,0,153,11.8,877,12:42,29,113,23,33,41.1
227,Jason Chimera\chimeja01,37,LW,NYI,73,17,12,29,3,33,16,0,1,1,12,0,0,111,15.3,950,13:01,29,137,15,18,45.5
228,Calle Jarnkrok\jarnkca01,25,C,NSH,73,15,14,29,-3,23,12,2,1,1,10,2,2,121,12.4,1145,15:41,25,46,400,414,49.1
229,Gabriel Landeskog\landega01,24,LW,COL,63,15,14,29,-21,58,10,5,0,2,13,1,0,139,10.8,1195,18:58,32,127,61,61,50.0
230,Matt Moulson\moulsma01,33,LW,BUF,74,14,15,29,-1,8,3,11,0,2,9,6,0,127,11.0,855,11:33,18,36,1,3,25.0
231,Kris Versteeg\verstkr01,30,RW,CGY,62,13,16,29,-1,44,7,6,0,1,11,5,0,119,10.9,916,14:46,27,5,42,40,51.2
232,Robby Fabbri\fabbrro01,21,C,STL,51,11,18,29,-16,27,7,4,0,0,13,5,0,91,12.1,796,15:37,14,64,13,11,54.2
233,Devin Shore\shorede01,22,C,DAL,74,11,18,29,-6,12,10,1,0,0,14,4,0,98,11.2,1028,13:54,64,36,219,245,47.2
234,Mika Zibanejad\zibanmi01,23,C,NYR,48,11,18,29,9,12,9,2,0,2,12,6,0,102,10.8,821,17:06,21,20,429,394,52.1
235,Andrew Ladd\laddan01,31,LW,NYI,69,20,8,28,-13,39,17,2,1,4,6,2,0,129,15.5,1108,16:03,50,94,2,4,33.3
236,Christian Dvorak\dvorach01,20,LW,ARI,70,12,16,28,8,20,11,1,0,0,14,2,0,81,14.8,1084,15:29,52,62,412,476,46.4
237,Leo Komarov\komarle01,30,C,TOR,73,12,16,28,3,27,7,4,1,1,11,5,0,103,11.7,1248,17:06,43,208,81,98,45.3
238,Andrew Shaw\shawan01,25,C,MTL,60,11,17,28,5,103,10,1,0,1,11,6,0,116,9.5,907,15:07,32,124,176,152,53.7
239,Chris Kunitz\kunitch01,37,LW,PIT,68,9,19,28,1,36,9,0,0,3,15,4,0,126,7.1,1049,15:26,27,207,3,10,23.1
240,Jean-Gabriel Pageau\pageaje01,24,C,OTT,73,9,19,28,12,18,9,0,0,2,17,0,2,153,5.9,1188,16:16,73,149,497,402,55.3
241,Jeff Petry\petryje01,29,D,MTL,72,8,20,28,2,22,6,2,0,1,15,5,0,154,5.2,1594,22:08,137,150,0,0,
242,Ivan Provorov\provoiv01,20,D,PHI,73,6,22,28,-10,32,6,0,0,1,17,5,0,138,4.3,1593,21:50,149,99,0,0,
243,Josh Anderson\anderjo05,22,RW,CBJ,69,16,11,27,12,76,16,0,0,3,11,0,0,105,15.2,832,12:03,39,125,8,20,28.6
244,Dylan Larkin\larkidy01,20,C,DET,71,15,12,27,-28,29,10,5,0,1,12,0,0,163,9.2,1134,15:58,17,54,148,183,44.7
245,Alexandre Burrows\burroal01,35,LW/RW,TOT,67,13,14,27,2,53,12,1,0,2,13,0,1,129,10.1,986,14:43,30,64,5,8,38.5
246,P.A. Parenteau\parenpi01,33,RW,TOT,63,13,14,27,-17,35,9,4,0,2,10,4,0,113,11.5,933,14:48,8,58,6,13,31.6
247,Jay Beagle\beaglja01,31,RW,WSH,72,12,15,27,19,18,11,0,1,4,13,0,2,90,13.3,979,13:36,41,50,555,422,56.8
248,Sean Couturier\coutuse01,24,C,PHI,57,12,15,27,4,31,12,0,0,2,12,2,1,107,11.2,1041,18:16,31,35,509,417,55.0
249,Antoine Roussel\roussan01,27,LW,DAL,60,12,15,27,1,115,12,0,0,3,12,3,0,82,14.6,931,15:31,45,69,7,9,43.8
250,Matt Cullen\cullema01,40,C,PIT,65,11,16,27,5,26,9,1,1,2,14,2,0,83,13.3,899,13:50,24,32,396,379,51.1
251,Jussi Jokinen\jokinju01,33,LW,FLA,63,11,16,27,-14,35,6,4,1,2,10,6,0,110,10.0,1101,17:29,28,25,61,65,48.4
252,Travis Konecny\konectr01,19,C,PHI,61,11,16,27,0,47,8,3,0,0,15,1,0,122,9.0,886,14:31,25,82,0,5,0.0
253,Joel Ward\wardjo02,36,RW,SJS,72,8,19,27,2,26,5,1,2,1,17,2,0,95,8.4,1152,16:00,51,57,202,214,48.6
254,Morgan Rielly\riellmo01,22,D,TOR,67,6,21,27,-20,21,5,1,0,1,17,4,0,153,3.9,1491,22:15,111,38,0,0,
255,Mark Streit\streima01,39,D,TOT,61,6,21,27,-8,24,5,1,0,2,9,12,0,109,5.5,1162,19:03,80,32,0,0,
256,Jacob Trouba\troubja01,22,D,WPG,53,6,21,27,6,52,6,0,0,1,18,2,1,136,4.4,1320,24:54,103,95,0,0,
257,Andreas Athanasiou\athanan01,22,C,DET,58,16,10,26,-9,28,15,1,0,1,7,3,0,109,14.7,786,13:33,20,29,37,45,45.1
258,Zach Hyman\hymanza01,24,C,TOR,73,9,17,26,3,28,6,0,3,2,17,0,0,142,6.3,1228,16:49,42,100,11,18,37.9
259,Jake Muzzin\muzzija01,27,D,LAK,73,9,17,26,-20,40,5,4,0,1,11,6,0,169,5.3,1624,22:15,100,147,0,0,
260,Jimmy Vesey\veseyji02,23,LW,NYR,73,15,10,25,-9,24,10,5,0,5,7,3,0,107,14.0,992,13:35,32,53,2,5,28.6
261,Adam Lowry\lowryad01,23,C,WPG,75,13,12,25,-2,50,9,4,0,0,7,4,1,113,11.5,1196,15:57,51,194,592,588,50.2
262,Nick Ritchie\ritchni01,21,LW,ANA,70,12,13,25,3,52,11,1,0,3,12,1,0,138,8.7,911,13:01,21,226,4,4,50.0
263,Bryan Rust\rustbr01,24,RW,PIT,51,12,13,25,5,8,12,0,0,1,12,0,1,93,12.9,688,13:29,26,85,1,3,25.0
264,Jake Guentzel\guentja01,22,C,PIT,35,11,14,25,6,8,11,0,0,0,13,1,0,68,16.2,551,15:45,15,58,8,8,50.0
265,Jordan Martinook\martijo01,24,LW,ARI,69,11,14,25,-3,38,9,1,1,2,11,1,2,100,11.0,1089,15:47,60,44,422,515,45.0
266,Vladislav Namestnikov\namesvl01,24,C,TBL,66,10,15,25,-2,27,7,3,0,0,12,3,0,106,9.4,973,14:44,27,59,169,220,43.4
267,Jason Demers\demerja01,28,D,FLA,73,9,16,25,-10,53,9,0,0,2,9,5,2,87,10.3,1439,19:43,78,96,0,0,
268,Tomas Plekanec\plekato01,34,C,MTL,71,8,17,25,5,18,3,3,2,3,13,4,0,125,6.4,1202,16:56,43,55,616,615,50.0
269,Shane Doan\doansh01,40,RW,ARI,70,6,19,25,-4,46,3,3,0,0,17,2,0,137,4.4,1053,15:03,22,95,94,104,47.5
270,Mike Ribeiro\ribeimi01,36,C,NSH,46,4,21,25,-5,14,2,2,0,0,16,5,0,38,10.5,735,15:58,6,33,183,261,41.2
271,Nathan Beaulieu\beaulna01,24,D,MTL,66,3,22,25,8,37,2,1,0,1,12,10,0,105,2.9,1284,19:27,91,55,0,0,
272,Brian Boyle\boylebr01,32,C,TOT,66,13,11,24,5,59,10,3,0,2,8,3,0,126,10.3,883,13:22,39,109,250,241,50.9
273,Bobby Ryan\ryanbo01,29,RW,OTT,56,12,12,24,-5,22,10,2,0,0,9,3,0,99,12.1,857,15:19,33,101,4,3,57.1
274,Loui Eriksson\erikslo01,31,LW,VAN,65,11,13,24,-9,8,6,5,0,1,10,2,1,132,8.3,1214,18:41,26,11,0,1,0.0
275,Derek Ryan\ryande01,30,C,CAR,57,11,13,24,-9,18,6,4,1,3,9,4,0,66,16.7,840,14:45,30,28,324,256,55.9
276,Zdeno Chara\charazd01,39,D,BOS,67,8,16,24,17,53,6,0,2,0,15,1,0,116,6.9,1554,23:11,124,111,0,1,0.0
277,Casey Cizikas\cizikca01,25,C,NYI,56,8,16,24,7,28,8,0,0,1,15,1,0,77,10.4,784,14:00,56,133,405,408,49.8
278,William Karlsson\karlswi01,24,C,CBJ,72,6,18,24,11,4,5,1,0,3,16,0,2,81,7.4,971,13:29,21,30,407,482,45.8
279,Nick Schmaltz\schmani01,20,LW,CHI,53,6,18,24,8,2,6,0,0,0,16,2,0,57,10.5,684,12:55,22,17,75,176,29.9
280,Paul Martin\martipa01,35,D,SJS,73,4,20,24,11,20,4,0,0,1,20,0,0,52,7.7,1407,19:17,109,41,0,0,
281,Erik Haula\haulaer01,25,C,MIN,63,13,10,23,6,22,12,1,0,3,10,0,0,116,11.2,875,13:54,35,36,379,331,53.4
282,Sam Bennett\bennesa01,20,C,CGY,73,11,12,23,-15,71,8,3,0,0,11,0,1,112,9.8,1101,15:05,45,113,329,391,45.7
283,Dominic Moore\mooredo01,36,C,BOS,74,11,12,23,0,42,8,0,3,1,11,0,1,91,12.1,930,12:34,35,58,329,279,54.1
284,Brendan Gallagher\gallabr01,24,RW,MTL,56,8,15,23,3,39,7,1,0,1,14,1,0,164,4.9,846,15:06,15,56,26,39,40.0
285,Scott Wilson\wilsosc01,24,LW,PIT,70,7,16,23,1,30,7,0,0,1,16,0,0,114,6.1,754,10:46,29,154,2,0,100.0
286,Ian Cole\coleia01,27,D,PIT,74,5,18,23,28,66,5,0,0,1,17,1,0,84,6.0,1456,19:40,180,149,0,0,
287,Noah Hanifin\hanifno01,20,D,CAR,71,3,20,23,-18,22,1,2,0,0,12,8,0,99,3.0,1238,17:26,60,43,0,0,
288,Troy Stecher\stechtr01,22,D,VAN,63,3,20,23,-10,25,2,1,0,0,14,6,0,112,2.7,1278,20:17,61,45,0,0,
289,Micheal Ferland\ferlami01,24,LW,CGY,68,14,8,22,0,31,12,2,0,1,7,1,0,95,14.7,776,11:24,26,137,3,4,42.9
290,Brett Ritchie\ritchbr01,23,RW,DAL,72,14,8,22,12,34,13,1,0,2,7,1,0,149,9.4,922,12:48,19,137,1,1,50.0
291,Marcus Foligno\foligma01,25,LW,BUF,74,12,10,22,-4,69,11,0,1,0,10,0,0,91,13.2,1149,15:32,54,264,1,3,25.0
292,Nikolai Kulemin\kulemni01,30,LW,NYI,71,12,10,22,2,18,10,1,1,4,8,1,1,74,16.2,979,13:47,44,78,14,13,51.9
293,Troy Brouwer\brouwtr01,31,RW,CGY,66,11,11,22,-11,31,7,3,1,1,4,6,1,77,14.3,1094,16:34,36,157,15,37,28.8
294,Jarome Iginla\iginlja01,39,RW,TOT,71,11,11,22,-29,65,5,6,0,2,7,4,0,139,7.9,1069,15:03,20,101,15,14,51.7
295,Lars Eller\ellerla01,27,C,WSH,72,10,12,22,17,32,9,0,1,2,11,1,0,98,10.2,1006,13:58,22,63,377,419,47.4
296,Mikkel Boedker\boedkmi01,27,LW,SJS,73,9,13,22,0,8,8,0,1,1,12,1,0,107,8.4,1050,14:23,31,59,3,11,21.4
297,Antoine Vermette\vermean01,34,C,ANA,64,8,14,22,-10,38,4,4,0,1,9,5,0,79,10.1,1018,15:54,42,50,673,407,62.3
298,Pavel Zacha\zachapa01,19,C,NJD,61,8,14,22,-14,19,3,5,0,2,7,7,0,67,11.9,852,13:58,22,46,153,216,41.5
299,Zack Kassian\kassiza01,26,RW,EDM,71,7,15,22,4,95,7,0,0,0,15,0,0,103,6.8,862,12:08,14,177,3,3,50.0
300,Carl Hagelin\hagelca01,28,LW,PIT,61,6,16,22,10,16,6,0,0,2,15,0,1,128,4.7,945,15:29,24,66,3,3,50.0
301,David Savard\savarda01,26,D,CBJ,65,6,16,22,27,38,6,0,0,0,15,0,1,116,5.2,1414,21:45,113,107,0,0,
302,Matt Stajan\stajama01,33,C,CGY,74,5,17,22,6,38,5,0,0,2,15,0,2,55,9.1,935,12:38,36,57,349,337,50.9
303,Marc-Edouard Vlasic\vlasima01,29,D,SJS,68,5,17,22,2,35,4,1,0,2,12,5,0,125,4.0,1451,21:21,127,18,0,0,
304,Mattias Ekholm\ekholma01,26,D,NSH,73,3,19,22,8,30,3,0,0,1,15,3,1,106,2.8,1728,23:40,100,57,0,0,
305,Sami Vatanen\vatansa01,25,D,ANA,65,3,19,22,2,22,1,2,0,0,9,10,0,103,2.9,1422,21:53,118,73,0,0,
306,Brett Connolly\connobr01,24,RW,WSH,59,15,6,21,21,40,14,1,0,3,6,0,0,75,20.0,639,10:49,12,82,4,9,30.8
307,Alex Chiasson\chiasal01,26,RW,CGY,73,10,11,21,-3,42,9,0,1,1,9,2,0,94,10.6,980,13:25,17,68,7,21,25.0
308,Aaron Ekblad\ekblaaa01,20,D,FLA,68,10,11,21,-23,58,5,4,1,2,7,4,0,225,4.4,1459,21:28,62,88,0,0,
309,Mikhail Grigorenko\grigomi01,22,C,COL,67,9,12,21,-12,16,9,0,0,0,8,4,0,80,11.3,953,14:13,21,26,93,72,56.4
310,Trevor Lewis\lewistr01,30,C,LAK,73,9,12,21,-3,26,8,1,0,3,11,1,0,131,6.9,1035,14:11,29,155,43,63,40.6
311,Craig Smith\smithcr01,27,RW,NSH,70,9,12,21,1,30,7,2,0,1,11,1,0,138,6.5,962,13:44,15,84,50,56,47.2
312,Anthony Beauvillier\beauvan01,19,LW,NYI,57,8,13,21,-6,8,8,0,0,1,12,1,0,79,10.1,718,12:36,22,71,82,120,40.6
313,Tom Pyatt\pyattto01,29,LW,OTT,73,8,13,21,11,16,8,0,0,1,11,0,2,88,9.1,1147,15:43,84,43,20,23,46.5
314,Justin Abdelkader\abdelju01,29,LW,DET,55,7,14,21,-17,42,2,5,0,1,11,2,1,88,8.0,902,16:24,20,116,4,9,30.8
315,Johnny Boychuk\boychjo01,33,D,NYI,59,6,15,21,9,17,4,1,1,2,12,2,1,140,4.3,1216,20:37,126,140,1,0,100.0
316,Calvin de Haan\dehaaca01,25,D,NYI,73,5,16,21,11,36,4,1,0,1,15,1,0,100,5.0,1428,19:34,174,120,0,0,
317,Artturi Lehkonen\lehkoar01,21,LW,MTL,65,13,7,20,-3,8,11,2,0,2,5,2,0,138,9.4,902,13:52,23,66,1,1,50.0
318,Steven Stamkos\stamkst01,26,C,TBL,17,9,11,20,3,14,6,3,0,1,7,4,0,58,15.5,304,17:52,3,21,106,92,53.5
319,Daniel Winnik\winnida01,31,LW,WSH,63,9,11,20,12,47,7,0,2,2,11,0,0,67,13.4,810,12:52,34,23,9,10,47.4
320,Pavel Buchnevich\buchnpa01,21,RW,NYR,35,8,12,20,7,13,7,1,0,0,10,2,0,52,15.4,467,13:20,8,12,1,5,16.7
321,Lauri Korpikoski\korpila01,30,LW,TOT,67,8,12,20,6,10,8,0,0,0,11,0,1,106,7.5,840,12:33,34,35,0,7,0.0
322,Josh Morrissey\morrijo04,21,D,WPG,75,6,14,20,8,36,5,1,0,3,14,0,0,89,6.7,1452,19:21,125,133,0,0,
323,Nic Dowd\dowdni01,26,C,LAK,65,5,15,20,-16,25,4,1,0,2,8,7,0,74,6.8,812,12:29,33,137,313,345,47.6
324,Jesper Fast\fastje01,25,RW,NYR,63,5,15,20,6,16,5,0,0,1,15,0,0,54,9.3,871,13:49,38,90,15,27,35.7
325,Dennis Seidenberg\seidede01,35,D,NYI,64,5,15,20,23,28,5,0,0,0,15,0,0,79,6.3,1242,19:24,127,120,0,0,
326,Radko Gudas\gudasra01,26,D,PHI,62,4,16,20,4,75,4,0,0,0,15,1,0,105,3.8,1212,19:33,121,259,0,0,
327,Jonas Brodin\brodijo01,23,D,MIN,59,3,17,20,-1,20,1,2,0,2,13,4,0,73,4.1,1152,19:32,83,19,0,0,
328,Jack Johnson\johnsja02,30,D,CBJ,73,3,17,20,19,32,2,1,0,1,15,1,1,104,2.9,1589,21:46,113,84,1,0,100.0
329,Brendan Perlini\perlibr01,20,LW,ARI,49,13,6,19,-6,18,10,3,0,2,4,2,0,82,15.9,728,14:51,14,36,1,1,50.0
330,Chris Stewart\stewach02,29,RW,MIN,73,13,6,19,3,89,13,0,0,0,4,2,0,78,16.7,751,10:17,18,78,2,7,22.2
331,Marian Gaborik\gaborma01,34,RW,LAK,50,10,9,19,-6,18,7,3,0,3,7,2,0,117,8.5,747,14:56,15,18,0,1,0.0
332,Melker Karlsson\karlsme01,26,C,SJS,60,9,10,19,9,20,8,0,1,1,10,0,0,65,13.8,755,12:35,51,59,1,5,16.7
333,John Moore\moorejo01,26,D,NJD,54,9,10,19,-8,35,8,1,0,0,8,2,0,77,11.7,1023,18:57,59,51,0,0,
334,Colton Sceviour\scevico01,27,C,FLA,71,9,10,19,-17,18,5,1,3,1,8,2,0,154,5.8,1032,14:32,57,99,31,27,53.4
335,Blake Comeau\comeabl01,30,LW,COL,69,8,11,19,-17,58,5,2,1,1,11,0,0,95,8.4,1064,15:25,21,119,110,127,46.4
336,Jakob Chychrun\chychja01,18,D,ARI,61,7,12,19,-11,45,6,1,0,0,11,1,0,78,9.0,1012,16:35,88,100,0,0,
337,Kevin Labanc\labanke01,21,RW,SJS,49,7,12,19,9,22,7,0,0,2,10,2,0,62,11.3,664,13:34,12,19,2,2,50.0
338,Oscar Lindberg\lindbos02,25,C,NYR,57,7,12,19,3,30,7,0,0,1,11,1,0,79,8.9,608,10:40,29,83,255,233,52.3
339,Jori Lehtera\lehtejo01,29,C,STL,61,6,13,19,-5,34,6,0,0,1,11,2,0,64,9.4,926,15:11,27,62,392,414,48.6
340,Trevor Daley\daleytr01,33,D,PIT,54,5,14,19,9,37,4,1,0,0,10,3,1,83,6.0,1097,20:18,82,26,0,0,
341,Ben Hutton\huttobe01,23,D,VAN,62,5,14,19,-21,20,3,2,0,1,5,9,0,114,4.4,1273,20:32,95,42,0,0,
342,Alexander Edler\edleral01,30,D,VAN,59,4,15,19,-15,30,2,2,0,0,13,2,0,113,3.5,1443,24:27,123,94,2,1,66.7
343,Cody Franson\fransco01,29,D,BUF,65,3,16,19,-3,34,2,1,0,0,15,1,0,88,3.4,1206,18:33,65,80,0,0,
344,Thomas Hickey\hicketh01,27,D,NYI,69,3,16,19,-4,29,3,0,0,1,13,3,0,83,3.6,1232,17:51,100,84,0,0,
345,Jake McCabe\mccabja01,23,D,BUF,69,3,16,19,-4,26,2,1,0,1,14,2,0,69,4.3,1437,20:49,105,69,0,0,
346,Matt Read\readma01,30,RW,PHI,59,10,8,18,3,8,7,2,1,2,8,0,0,87,11.5,813,13:47,28,90,5,10,33.3
347,Frank Vatrano\vatrafr01,22,C,BOS,40,10,8,18,-2,14,6,4,0,1,7,1,0,105,9.5,556,13:54,15,47,2,5,28.6
348,Tomas Hertl\hertlto01,23,C,SJS,42,8,10,18,-5,14,7,1,0,3,9,1,0,91,8.8,719,17:07,27,71,190,170,52.8
349,Brandon Pirri\pirribr01,25,RW,NYR,57,8,10,18,-7,23,3,5,0,3,6,4,0,93,8.6,693,12:09,16,37,120,90,57.1
350,Patrick Sharp\sharppa01,35,LW,DAL,48,8,10,18,-22,31,6,1,1,0,10,0,0,146,5.5,765,15:57,24,24,29,32,47.5
351,Chris Tierney\tiernch01,22,C,SJS,73,7,11,18,-8,4,5,1,1,2,10,0,1,78,9.0,1065,14:35,41,42,363,386,48.5
352,Drew Stafford\staffdr01,31,RW,TOT,50,6,12,18,1,20,4,2,0,2,11,1,0,91,6.6,671,13:25,2,58,7,14,33.3
353,Shane Prince\princsh01,24,LW,NYI,47,5,13,18,-7,18,4,1,0,2,11,2,0,65,7.7,616,13:06,11,35,4,3,57.1
354,Cal Clutterbuck\cluttca01,29,RW,NYI,57,3,15,18,-2,26,3,0,0,1,14,1,0,99,3.0,802,14:04,23,199,2,3,40.0
355,Rene Bourque\bourqre01,35,RW,COL,56,12,5,17,-15,50,10,2,0,2,5,0,0,100,12.0,796,14:13,24,69,0,4,0.0
356,Torrey Mitchell\mitchto01,32,C,MTL,74,8,9,17,6,38,8,0,0,1,9,0,0,63,12.7,936,12:39,54,46,397,326,54.9
357,Jonathan Huberdeau\huberjo01,23,LW,FLA,22,6,11,17,5,6,5,1,0,2,8,3,0,56,10.7,394,17:53,3,18,2,4,33.3
358,Hampus Lindholm\lindhha01,23,D,ANA,61,6,11,17,17,36,5,1,0,2,8,3,0,88,6.8,1363,22:21,85,91,2,0,100.0
359,Brian Campbell\campbbr02,37,D,CHI,72,5,12,17,18,22,3,2,0,1,9,3,0,70,7.1,1322,18:21,79,39,0,0,
360,Niklas Hjalmarsson\hjalmni01,29,D,CHI,68,5,12,17,13,16,5,0,0,0,11,0,1,58,8.6,1464,21:32,167,22,0,0,
361,Chris Wideman\widemch01,27,D,OTT,67,5,12,17,6,42,4,1,0,1,8,4,0,110,4.5,889,13:16,55,57,0,0,
362,Jordie Benn\bennjo01,29,D,TOT,69,4,13,17,-3,28,4,0,0,1,10,2,1,67,6.0,1265,18:20,138,60,0,0,
363,Adam Larsson\larssad01,24,D,EDM,71,4,13,17,19,44,4,0,0,0,13,0,0,79,5.1,1429,20:08,136,223,0,0,
364,Dennis Wideman\widemde01,33,D,CGY,55,4,13,17,-7,30,2,2,0,0,10,3,0,85,4.7,1117,20:19,68,60,0,0,
365,Connor Murphy\murphco02,23,D,ARI,69,2,15,17,-11,37,1,0,1,1,15,0,0,68,2.9,1307,18:56,101,170,0,0,
366,Andrew Copp\coppan01,22,C,WPG,57,9,7,16,9,14,8,0,1,1,7,0,0,68,13.2,684,11:00,27,80,84,93,47.5
367,Jamie McGinn\mcginja01,28,LW,ARI,67,9,7,16,-17,23,9,0,0,2,5,2,0,115,7.8,885,13:13,16,114,1,2,33.3
368,Ryan White\whitery01,28,C,TOT,57,9,7,16,-11,77,9,0,0,1,7,0,0,54,16.7,607,10:39,30,165,39,49,44.3
369,Joel Armia\armiajo01,23,RW,WPG,50,8,8,16,-8,16,6,0,2,1,7,1,0,94,8.5,758,15:09,24,57,3,4,42.9
370,Miles Wood\woodmi01,21,LW,NJD,52,8,8,16,-19,70,6,2,0,0,6,2,0,93,8.6,663,12:45,24,63,1,1,50.0
371,Nick Cousins\cousini01,23,C,PHI,59,6,10,16,-6,31,5,1,0,0,9,1,0,95,6.3,703,11:55,24,60,89,128,41.0
372,Tom Wilson\wilsoto01,22,RW,WSH,73,6,10,16,7,110,6,0,0,0,10,0,0,85,7.1,939,12:52,38,213,3,7,30.0
373,Alan Quine\quineal01,23,C,NYI,53,5,11,16,0,6,3,2,0,1,10,1,0,73,6.8,660,12:27,25,66,235,244,49.1
374,Anton Stralman\stralan01,30,D,TBL,65,3,13,16,-4,16,2,1,0,0,7,6,0,113,2.7,1483,22:49,83,97,0,0,
375,Andrew MacDonald\macdoan01,30,D,PHI,64,2,14,16,-9,22,2,0,0,0,13,0,1,55,3.6,1285,20:05,137,33,0,0,
376,Brett Pesce\pescebr01,22,D,CAR,72,2,14,16,16,20,2,0,0,0,12,2,0,89,2.2,1515,21:03,133,51,0,0,
377,David Schlemko\schleda01,29,D,SJS,54,2,14,16,5,12,1,1,0,1,12,2,0,101,2.0,893,16:33,93,33,0,0,
378,Viktor Stalberg\stalbvi01,31,LW,TOT,69,11,4,15,-8,41,8,1,2,2,3,1,0,86,12.8,822,11:55,22,134,0,3,0.0
379,Adam Cracknell\crackad01,31,RW,DAL,61,10,5,15,13,12,9,0,1,2,5,0,0,73,13.7,620,10:10,33,85,126,144,46.7
380,Dwight King\kingdw01,27,LW,TOT,72,8,7,15,-2,10,8,0,0,1,7,0,0,99,8.1,1053,14:37,26,113,4,10,28.6
381,Brandon Carlo\carlobr01,20,D,BOS,74,6,9,15,5,55,5,0,1,0,9,0,0,84,7.1,1553,20:59,101,78,0,0,
382,Joonas Donskoi\donskjo01,24,RW,SJS,54,6,9,15,-5,10,5,1,0,0,6,3,0,89,6.7,754,13:58,26,21,8,8,50.0
383,Beau Bennett\bennebe01,25,RW,NJD,56,5,10,15,-5,14,4,1,0,1,9,1,0,88,5.7,759,13:33,11,63,3,12,20.0
384,Michael Del Zotto\delzomi01,26,D,PHI,43,5,10,15,-5,22,5,0,0,0,9,0,1,79,6.3,844,19:38,72,144,0,1,0.0
385,Derek MacKenzie\mackede01,35,C,FLA,73,5,10,15,-5,33,4,0,1,0,7,0,3,79,6.3,921,12:37,41,178,333,342,49.3
386,Michael Matheson\mathemi01,22,D,FLA,72,5,10,15,-5,32,5,0,0,0,8,1,1,166,3.0,1499,20:49,106,65,1,0,100.0
387,Curtis McKenzie\mckencu01,25,LW,DAL,50,5,10,15,6,67,5,0,0,3,10,0,0,63,7.9,542,10:51,29,94,3,3,50.0
388,Trevor van Riemsdyk\vanritr01,25,D,CHI,50,5,10,15,20,27,5,0,0,2,10,0,0,63,7.9,917,18:21,83,19,0,0,
389,Austin Watson\watsoau01,25,LW,NSH,69,5,10,15,12,97,5,0,0,0,9,0,1,77,6.5,859,12:27,57,128,5,7,41.7
390,Deryk Engelland\engelde01,34,D,CGY,74,4,11,15,6,68,4,0,0,2,11,0,0,102,3.9,1351,18:16,122,125,1,0,100.0
391,Ron Hainsey\hainsro01,35,D,TOT,66,4,11,15,-12,19,3,0,1,1,10,0,1,65,6.2,1458,22:05,110,89,0,0,
392,Francois Beauchemin\beaucfr01,36,D,COL,72,3,12,15,-12,26,3,0,0,1,9,3,0,110,2.7,1560,21:40,138,63,0,0,
393,Derek Forbort\forbode01,24,D,LAK,73,2,13,15,4,50,2,0,0,0,12,0,1,91,2.2,1471,20:09,141,162,1,0,100.0
394,Nate Schmidt\schmina01,25,D,WSH,56,2,13,15,16,16,2,0,0,0,12,0,1,55,3.6,864,15:26,32,48,0,0,
395,Dan Hamhuis\hamhuda01,34,D,DAL,71,1,14,15,-3,19,0,1,0,0,12,0,2,76,1.3,1383,19:29,90,86,0,0,
396,Matt Hunwick\hunwima01,31,D,TOR,63,1,14,15,8,16,1,0,0,0,14,0,0,59,1.7,1132,17:58,83,88,0,0,
397,Scottie Upshall\upshasc01,33,RW,STL,65,9,5,14,-1,37,8,0,1,1,5,0,0,70,12.9,701,10:47,18,76,2,7,22.2
398,Tim Schaller\schalti01,26,C,BOS,58,7,7,14,-6,23,7,0,0,2,7,0,0,89,7.9,713,12:17,37,70,28,29,49.1
399,David Desharnais\deshada01,30,C,TOT,41,6,8,14,7,8,6,0,0,1,6,2,0,40,15.0,524,12:46,13,2,129,123,51.2
400,Zemgus Girgensons\girgeze01,23,C,BUF,67,6,8,14,-8,14,6,0,0,0,8,0,0,102,5.9,886,13:14,26,111,249,272,47.8
401,Jannik Hansen\hanseja01,30,RW,TOT,35,6,8,14,-1,29,6,0,0,1,8,0,0,62,9.7,561,16:01,11,36,0,0,
402,Vinnie Hinostroza\hinosvi01,22,LW,CHI,48,6,8,14,0,17,6,0,0,2,8,0,0,72,8.3,575,11:59,19,31,68,101,40.2
403,Esa Lindell\lindees01,22,D,DAL,65,6,8,14,11,22,6,0,0,2,6,2,0,88,6.8,1407,21:39,103,84,0,1,0.0
404,Carl Soderberg\soderca01,31,C,COL,71,6,8,14,-20,20,5,1,0,0,7,1,0,118,5.1,988,13:55,39,32,334,308,52.0
405,Drake Caggiula\caggidr01,22,LW,EDM,52,5,9,14,-1,12,4,1,0,1,6,3,0,80,6.3,692,13:19,14,86,100,154,39.4
406,Ondrej Kase\kaseon01,21,RW,ANA,51,5,9,14,-2,16,5,0,0,2,9,0,0,77,6.5,596,11:42,13,42,1,6,14.3
407,Brock McGinn\mcginbr01,22,LW,CAR,47,5,9,14,-8,6,5,0,0,1,8,0,1,62,8.1,582,12:23,22,74,1,3,25.0
408,Sven Andrighetto\andrisv01,23,RW,TOT,37,4,10,14,-2,8,3,1,0,0,9,1,0,45,8.9,474,12:48,15,34,0,0,
409,Josh Manson\mansojo01,25,D,ANA,74,4,10,14,10,69,4,0,0,1,9,0,1,74,5.4,1375,18:35,73,215,0,0,
410,Nikita Nesterov\nesteni01,23,D,TOT,44,4,10,14,-2,22,3,1,0,0,9,1,0,55,7.3,710,16:09,21,77,0,0,
411,Mark Pysyk\pysykma01,25,D,FLA,73,4,10,14,-2,8,4,0,0,0,10,0,0,79,5.1,1364,18:41,90,61,0,1,0.0
412,Luke Glendening\glendlu01,27,C,DET,72,3,11,14,-10,26,3,0,0,0,10,1,0,75,4.0,944,13:06,62,149,306,254,54.6
413,Travis Hamonic\hamontr01,26,D,NYI,46,3,11,14,-19,53,3,0,0,0,10,1,0,74,4.1,957,20:49,104,56,0,0,
414,Kevin Klein\kleinke01,32,D,NYR,54,3,11,14,9,31,3,0,0,0,9,1,1,49,6.1,942,17:26,112,127,0,0,
415,Marcus Kruger\krugema01,26,C,CHI,62,3,11,14,6,30,3,0,0,0,11,0,0,72,4.2,854,13:46,52,23,305,312,49.4
416,Michael Stone\stonemi01,26,D,TOT,57,3,11,14,0,20,2,1,0,0,7,4,0,72,4.2,1137,19:57,123,117,1,0,100.0
417,Cody Ceci\cecico01,23,D,OTT,73,2,12,14,-11,20,2,0,0,0,9,1,2,127,1.6,1700,23:18,146,105,1,0,100.0
418,Joel Edmundson\edmunjo01,23,D,STL,60,2,12,14,6,56,2,0,0,1,12,0,0,69,2.9,1046,17:26,74,114,0,0,
419,Toby Enstrom\enstrto01,32,D,WPG,60,1,13,14,-7,42,0,0,1,0,7,6,0,46,2.2,1314,21:54,94,24,0,0,
420,Paul Postma\postmpa01,27,D,WPG,65,1,13,14,3,15,1,0,0,0,13,0,0,50,2.0,706,10:51,42,36,0,0,
421,Matt Calvert\calvema01,27,LW,CBJ,57,9,4,13,-4,46,6,0,3,1,4,0,0,81,11.1,772,13:32,32,53,2,12,14.3
422,Kyle Brodziak\brodzky01,32,C,STL,61,8,5,13,2,27,8,0,0,2,5,0,0,48,16.7,666,10:55,32,51,258,285,47.5
423,Kevin Fiala\fialake01,20,LW,NSH,45,8,5,13,2,12,8,0,0,1,5,0,0,97,8.2,599,13:18,13,42,0,0,
424,Darren Helm\helmda01,30,C,DET,42,8,5,13,-3,16,6,2,0,1,2,2,1,81,9.9,651,15:30,16,65,214,200,51.7
425,Benoit Pouliot\poulibe01,30,LW,EDM,59,7,6,13,-3,34,7,0,0,1,6,0,0,72,9.7,842,14:16,35,33,6,14,30.0
426,Lukas Sedlak\sedlalu01,23,LW,CBJ,58,7,6,13,9,25,6,0,1,0,6,0,0,52,13.5,559,9:38,27,62,211,200,51.3
427,Austin Czarnik\czarnau01,24,C,BOS,49,5,8,13,-10,12,5,0,0,1,5,3,0,66,7.6,638,13:01,25,19,57,76,42.9
428,Riley Nash\nashri02,27,C,BOS,73,5,8,13,-4,14,4,0,1,1,6,0,2,114,4.4,993,13:36,28,59,245,246,49.9
429,Tom Kuhnhackl\kuhnhto01,25,RW,PIT,49,4,9,13,9,18,3,0,1,0,9,0,0,40,10.0,499,10:11,35,90,2,2,50.0
430,Marco Scandella\scandma01,26,D,MIN,62,4,9,13,-3,25,4,0,0,0,9,0,0,75,5.3,1122,18:06,78,47,0,0,
431,Karl Alzner\alzneka01,28,D,WSH,73,3,10,13,21,24,3,0,0,0,10,0,0,72,4.2,1460,20:00,151,97,0,0,
432,Matt Benning\bennima01,22,D,EDM,56,3,10,13,9,27,2,1,0,0,8,2,0,63,4.8,948,16:56,60,99,0,0,
433,Matt Irwin\irwinma01,29,D,NSH,65,3,10,13,13,22,3,0,0,1,9,0,1,87,3.4,1085,16:41,106,108,0,0,
434,Jay Bouwmeester\bouwmja01,33,D,STL,72,1,12,13,2,28,1,0,0,0,11,1,0,91,1.1,1614,22:25,100,59,0,0,
435,Nic Petan\petanni01,21,LW,WPG,49,1,12,13,-13,12,1,0,0,0,4,8,0,52,1.9,550,11:13,10,10,136,161,45.8
436,Alex Petrovic\petroal01,24,D,FLA,40,1,12,13,4,70,1,0,0,0,12,0,0,45,2.2,712,17:48,48,84,0,0,
437,Fedor Tyutin\tyutife01,33,D,COL,64,1,12,13,-23,34,1,0,0,0,12,0,0,40,2.5,1214,18:58,85,111,0,0,
438,Brian Dumoulin\dumoubr01,25,D,PIT,63,0,13,13,2,14,0,0,0,0,10,3,0,74,0.0,1288,20:27,86,97,0,0,
439,Brooks Orpik\orpikbr01,36,D,WSH,70,0,13,13,32,46,0,0,0,0,13,0,0,74,0.0,1242,17:45,115,173,0,0,
440,Shawn Matthias\matthsh01,28,LW,WPG,45,8,4,12,0,13,7,0,1,1,4,0,0,51,15.7,610,13:34,19,47,5,11,31.3
441,Tommy Wingels\wingeto01,28,C,TOT,64,7,5,12,-5,25,7,0,0,2,5,0,0,71,9.9,679,10:37,45,109,104,134,43.7
442,Chris VandeVelde\vandech01,29,C,PHI,73,6,6,12,-7,16,6,0,0,0,6,0,0,62,9.7,844,11:33,54,97,22,19,53.7
443,Chris Kelly\kellych01,36,C,OTT,73,5,7,12,-14,21,4,0,1,2,7,0,0,79,6.3,899,12:19,42,62,213,260,45.0
444,Tanner Kero\kerota01,24,RW,CHI,39,5,7,12,12,8,5,0,0,0,7,0,0,43,11.6,514,13:10,39,36,168,202,45.4
445,Colin Miller\milleco02,24,D,BOS,57,5,7,12,-2,49,4,1,0,0,6,1,0,82,6.1,906,15:54,32,78,0,0,
446,Nick Shore\shoreni01,24,C,LAK,63,5,7,12,-3,20,4,0,1,1,7,0,0,71,7.0,793,12:35,19,53,310,321,49.1
447,Dan Girardi\girarda01,32,D,NYR,56,4,8,12,8,16,3,0,1,3,7,0,1,52,7.7,1061,18:57,149,94,0,0,
448,Andy Greene\greenan01,34,D,NJD,57,4,8,12,-11,6,2,1,1,1,6,2,0,71,5.6,1258,22:05,111,43,0,0,
449,Kyle Quincey\quincky01,31,D,TOT,64,4,8,12,1,41,4,0,0,0,8,0,0,71,5.6,1162,18:10,79,84,0,0,
450,Devin Setoguchi\setogde01,30,RW,LAK,45,4,8,12,-5,14,4,0,0,0,7,1,0,60,6.7,560,12:27,10,53,2,2,50.0
451,Patrick Wiercioch\wiercpa01,26,D,COL,56,4,8,12,-18,21,4,0,0,0,8,0,0,62,6.5,937,16:44,57,51,1,0,100.0
452,Anthony Duclair\duclaan01,21,LW,ARI,51,3,9,12,-7,14,3,0,0,0,7,2,0,69,4.3,678,13:17,17,20,4,3,57.1
453,Xavier Ouellet\ouellxa01,23,D,DET,57,3,9,12,1,46,3,0,0,0,9,0,0,79,3.8,1035,18:09,76,61,0,1,0.0
454,Ben Chiarot\chiarbe01,25,D,WPG,59,2,10,12,2,33,2,0,0,0,10,0,0,49,4.1,904,15:19,94,78,0,0,
455,Luca Sbisa\sbisalu01,27,D,VAN,73,2,10,12,1,38,2,0,0,1,10,0,0,69,2.9,1391,19:03,110,116,0,0,
456,Erik Johnson\johnser01,28,D,COL,37,1,11,12,-12,4,1,0,0,0,6,5,0,74,1.4,800,21:37,86,71,0,0,
457,Marc Methot\methoma01,31,D,OTT,68,0,12,12,13,24,0,0,0,0,12,0,0,69,0.0,1348,19:49,77,164,0,0,
458,Magnus Paajarvi\paajama01,25,LW,STL,23,8,3,11,6,4,7,1,0,3,3,0,0,39,20.5,275,11:56,14,25,1,2,33.3
459,Tyler Pitlick\pitlity01,25,RW,EDM,31,8,3,11,0,6,8,0,0,1,3,0,0,54,14.8,308,9:55,13,70,8,7,53.3
460,Michael Raffl\rafflmi01,28,LW,PHI,52,8,3,11,-7,20,8,0,0,3,3,0,0,63,12.7,690,13:16,22,91,3,7,30.0
461,Oliver Bjorkstrand\bjorkol01,21,RW,CBJ,22,6,5,11,6,6,6,0,0,2,5,0,0,48,12.5,302,13:45,7,13,1,0,100.0
462,Eric Fehr\fehrer01,31,C,TOT,53,6,5,11,2,14,6,0,0,3,5,0,0,62,9.7,579,10:56,35,82,79,76,51.0
463,Johan Larsson\larssjo02,24,C,BUF,36,6,5,11,-7,20,5,1,0,2,5,0,0,49,12.2,607,16:51,23,33,261,271,49.1
464,Lawson Crouse\crousla01,19,LW,ARI,64,5,6,11,-15,46,4,0,1,2,6,0,0,78,6.4,757,11:50,26,139,1,1,50.0
465,Marko Dano\danoma01,22,C,WPG,37,4,7,11,1,10,2,2,0,0,7,0,0,42,9.5,399,10:46,14,83,1,3,25.0
466,Anthony DeAngelo\deangan01,21,D,ARI,33,4,7,11,-9,35,2,2,0,1,2,5,0,56,7.1,571,17:18,41,22,0,0,
467,Jordan Schroeder\schrojo01,26,C,MIN,33,4,7,11,5,0,4,0,0,0,7,0,0,32,12.5,320,9:43,14,25,13,14,48.1
468,Justin Braun\braunju01,29,D,SJS,74,3,8,11,1,26,3,0,0,0,7,0,1,87,3.4,1492,20:10,150,126,0,0,
469,Cody Eakin\eakinco01,25,C,DAL,52,3,8,11,-5,47,3,0,0,1,6,2,0,67,4.5,864,16:37,29,57,441,412,51.7
470,Jiri Hudler\hudleji01,33,RW,DAL,32,3,8,11,-3,4,2,1,0,1,8,0,0,27,11.1,379,11:51,3,9,3,2,60.0
471,Josh Jooris\joorijo01,26,RW,TOT,46,3,8,11,-2,16,3,0,0,0,7,0,1,66,4.5,544,11:49,26,41,189,173,52.2
472,Mark Barberio\barbema01,26,D,TOT,51,2,9,11,-5,14,1,1,0,0,6,3,0,68,2.9,910,17:50,48,16,0,0,
473,Kevin Bieksa\biekske01,35,D,ANA,73,2,9,11,-2,63,1,1,0,0,7,2,0,89,2.2,1367,18:44,90,158,0,0,
474,Adam Clendening\clendad01,24,D,NYR,29,2,9,11,4,17,1,1,0,0,8,1,0,38,5.3,456,15:43,26,19,0,0,
475,Micheal Haley\haleymi01,30,C,SJS,53,2,9,11,4,95,2,0,0,1,9,0,0,36,5.6,487,9:12,20,120,55,67,45.1
476,Kevan Miller\milleke03,29,D,BOS,50,2,9,11,-2,37,2,0,0,0,8,0,1,47,4.3,874,17:29,62,103,0,0,
477,Ryan Murray\murrary01,23,D,CBJ,60,2,9,11,3,24,2,0,0,0,7,1,1,52,3.8,1100,18:20,96,23,0,0,
478,Alexander Burmistrov\burmial01,25,C,TOT,42,1,10,11,-8,12,0,1,0,0,8,1,1,35,2.9,537,12:47,16,58,136,205,39.9
479,Niklas Kronwall\kronwni01,36,D,DET,49,1,10,11,-8,26,1,0,0,0,4,6,0,53,1.9,936,19:06,67,59,0,0,
480,Brian Flynn\flynnbr01,28,C,MTL,49,6,4,10,3,4,6,0,0,0,4,0,0,46,13.0,589,12:01,28,18,69,80,46.3
481,Nick Bjugstad\bjugsni01,24,C,FLA,45,5,5,10,-21,20,4,1,0,0,4,1,0,78,6.4,582,12:56,5,66,132,141,48.4
482,Kyle Clifford\cliffky01,26,LW,LAK,66,5,5,10,-1,85,5,0,0,0,5,0,0,108,4.6,707,10:43,6,135,2,3,40.0
483,Matthew Nieto\nietoma01,24,LW,TOT,50,5,5,10,-12,8,5,0,0,1,5,0,0,74,6.8,748,14:58,29,34,2,4,33.3
484,Joakim Nordstrom\nordsjo02,24,LW,CAR,72,5,5,10,-10,17,4,0,1,1,5,0,0,90,5.6,909,12:38,38,124,7,19,26.9
485,Joseph Cramarossa\cramajo01,24,LW,TOT,59,4,6,10,0,60,4,0,0,1,4,0,2,36,11.1,587,9:57,23,133,6,1,85.7
486,Tyler Ennis\ennisty01,27,LW,BUF,43,4,6,10,-6,8,4,0,0,0,4,2,0,70,5.7,534,12:25,20,36,3,12,20.0
487,Cedric Paquette\paquece01,23,C,TBL,58,4,6,10,-6,80,4,0,0,0,6,0,0,68,5.9,668,11:31,46,144,200,234,46.1
488,Ryan Reaves\reavery01,30,RW,STL,71,4,6,10,4,92,4,0,0,1,6,0,0,46,8.7,606,8:32,22,206,0,5,0.0
489,Anton Slepyshev\slepyan01,22,LW,EDM,37,4,6,10,5,2,4,0,0,0,6,0,0,50,8.0,407,10:00,12,54,1,2,33.3
490,Braydon Coburn\coburbr01,31,D,TBL,72,3,7,10,-1,41,3,0,0,0,7,0,0,84,3.6,1174,16:18,67,94,0,0,
491,Danny DeKeyser\dekeyda01,26,D,DET,73,3,7,10,-15,29,3,0,0,2,7,0,0,76,3.9,1617,22:09,150,92,0,0,
492,Peter Holland\hollape01,26,C,TOT,43,3,7,10,-16,16,2,1,0,0,7,0,0,66,4.5,554,12:53,8,34,203,258,44.0
493,Brandon Manning\mannibr01,26,D,PHI,58,3,7,10,-14,58,2,0,1,1,7,0,0,76,3.9,1037,17:53,63,107,0,1,0.0
494,Brenden Dillon\dillobr01,26,D,SJS,73,2,8,10,-3,56,2,0,0,0,8,0,0,80,2.5,1192,16:19,69,161,0,0,
495,Josh Leivo\leivojo01,23,LW,TOR,13,2,8,10,2,4,1,1,0,0,6,2,0,27,7.4,163,12:34,4,5,1,1,50.0
496,Andrej Sustr\sustran01,26,D,TBL,72,2,8,10,-9,41,2,0,0,1,8,0,0,85,2.4,1264,17:33,90,42,0,0,
497,Dmitrij Jaskin\jaskidm01,23,RW,STL,47,1,9,10,3,18,1,0,0,0,9,0,0,52,1.9,545,11:35,17,94,5,5,50.0
498,Riley Sheahan\sheahri01,25,C,DET,71,0,10,10,-24,14,0,0,0,0,8,2,0,98,0.0,988,13:55,31,63,230,222,50.9
499,Nikita Zadorov\zadorni01,21,D,COL,56,0,10,10,-20,73,0,0,0,0,8,2,0,61,0.0,1066,19:02,69,153,0,0,
500,Tyler Graovac\graovty01,23,C,MIN,52,7,2,9,7,10,7,0,0,2,2,0,0,48,14.6,512,9:50,15,52,163,180,47.5
501,Matt Martin\martima02,27,LW,TOR,73,5,4,9,1,97,5,0,0,0,4,0,0,60,8.3,647,8:52,24,267,0,10,0.0
502,Brad Richardson\richabr02,31,RW,ARI,16,5,4,9,-1,15,3,0,2,0,3,0,1,25,20.0,246,15:21,7,19,121,109,52.6
503,Nikita Soshnikov\soshnni01,23,RW,TOR,56,5,4,9,1,16,5,0,0,0,3,1,0,70,7.1,608,10:51,28,101,2,15,11.8
504,Stephen Johns\johnsst03,24,D,DAL,56,4,5,9,-7,31,4,0,0,1,5,0,0,84,4.8,1030,18:23,123,153,0,0,
505,Devante Smith-Pelly\smithde06,24,RW,NJD,53,4,5,9,-18,12,4,0,0,0,3,2,0,76,5.3,716,13:30,32,94,29,42,40.8
506,Dale Weise\weiseda01,28,RW,PHI,55,4,5,9,-5,17,3,1,0,1,4,1,0,74,5.4,711,12:56,18,114,3,0,100.0
507,Joseph Blandisi\blandjo01,22,LW,NJD,21,3,6,9,-8,20,2,1,0,2,2,4,0,20,15.0,277,13:12,3,29,63,67,48.5
508,Nick Jensen\jenseni02,26,D,DET,40,3,6,9,-1,12,3,0,0,0,6,0,0,49,6.1,693,17:19,42,46,0,0,
509,Marc Staal\staalma01,30,D,NYR,65,3,6,9,9,34,3,0,0,0,5,0,1,63,4.8,1248,19:12,86,80,0,1,0.0
510,Daniel Carr\carrda01,25,LW,MTL,33,2,7,9,4,6,2,0,0,1,7,0,0,44,4.5,338,10:15,12,19,2,1,66.7
511,Fredrik Claesson\claesfr01,24,D,OTT,24,2,7,9,3,0,2,0,0,0,6,0,1,16,12.5,258,10:46,13,35,0,0,
512,Alexei Emelin\emelial01,30,D,MTL,70,2,7,9,-3,65,2,0,0,0,7,0,0,78,2.6,1502,21:27,119,226,0,0,
513,Adam McQuaid\mcquaad01,30,D,BOS,69,2,7,9,3,69,2,0,0,1,6,0,1,59,3.4,1233,17:52,122,143,0,0,
514,Johnny Oduya\oduyajo01,35,D,TOT,44,2,7,9,-2,14,2,0,0,0,7,0,0,28,7.1,804,18:17,106,26,0,0,
515,Jonathan Ericsson\ericsjo01,32,D,DET,51,1,8,9,-2,63,1,0,0,0,8,0,0,43,2.3,980,19:13,36,86,0,0,
516,Jason Garrison\garrija01,32,D,TBL,69,1,8,9,-8,14,1,0,0,0,8,0,0,94,1.1,1289,18:41,89,93,0,0,
517,Kris Russell\russekr01,29,D,EDM,60,1,8,9,4,23,1,0,0,1,8,0,0,56,1.8,1277,21:17,185,60,0,0,
518,Stefan Noesen\noesest01,23,RW,TOT,36,6,2,8,4,18,6,0,0,0,2,0,0,51,11.8,385,10:42,9,42,23,38,37.7
519,Matt Puempel\puempma01,24,LW,TOT,36,6,2,8,-11,11,3,3,0,1,2,0,0,40,15.0,344,9:34,9,26,0,1,0.0
520,Colton Sissons\sissoco01,23,C,NSH,49,6,2,8,7,4,5,0,1,1,2,0,0,28,21.4,514,10:30,21,87,121,139,46.5
521,Jay McClement\mccleja01,33,C,CAR,65,5,3,8,-8,18,4,0,1,1,3,0,0,37,13.5,740,11:23,40,49,253,272,48.2
522,Michael Chaput\chapumi01,24,C,VAN,59,4,4,8,-7,25,4,0,0,0,4,0,0,50,8.0,608,10:18,25,59,202,180,52.9
523,Joe Colborne\colbojo01,27,C,COL,59,4,4,8,-20,30,2,2,0,0,3,1,0,46,8.7,637,10:48,12,82,44,72,37.9
524,Denis Malgin\malgide01,20,C,FLA,42,4,4,8,-1,8,3,1,0,1,4,0,0,51,7.8,464,11:03,11,28,57,108,34.5
525,Jayson Megna\megnaja01,26,C,VAN,53,4,4,8,-4,6,4,0,0,0,3,1,0,65,6.2,659,12:26,17,83,2,14,12.5
526,Jordan Nolan\nolanjo01,27,C,LAK,44,4,4,8,-2,44,4,0,0,0,4,0,0,38,10.5,480,10:54,7,60,2,4,33.3
527,Darnell Nurse\nurseda01,21,D,EDM,37,4,4,8,1,26,4,0,0,0,4,0,0,66,6.1,645,17:25,44,90,0,0,
528,Roman Polak\polakro01,30,D,TOR,67,4,4,8,9,61,4,0,0,1,4,0,0,51,7.8,1192,17:47,112,216,0,1,0.0
529,Dennis Rasmussen\rasmude01,26,C,CHI,62,4,4,8,-3,10,4,0,0,0,4,0,0,69,5.8,734,11:51,44,50,148,175,45.8
530,Jack Skille\skillja01,29,RW,VAN,54,4,4,8,-1,12,4,0,0,0,4,0,0,70,5.7,474,8:46,21,72,2,0,100.0
531,Matt Beleskey\belesma01,28,LW,BOS,43,3,5,8,-12,43,3,0,0,0,3,2,0,73,4.1,585,13:36,17,93,28,41,40.6
532,Joshua Ho-Sang\hosanjo01,21,RW,NYI,12,3,5,8,-3,4,2,1,0,0,4,1,0,15,20.0,193,16:07,2,3,0,2,0.0
533,Michal Kempny\kempnmi01,26,D,CHI,48,2,6,8,1,22,2,0,0,0,6,0,0,65,3.1,713,14:52,56,76,0,0,
534,Chad Ruhwedel\ruhwech01,26,D,PIT,29,2,6,8,7,8,2,0,0,0,5,1,0,40,5.0,503,17:21,25,30,0,0,
535,Michael Sgarbossa\sgarbmi01,24,C,TOT,34,2,6,8,-6,4,1,1,0,0,5,1,0,32,6.3,389,11:26,16,38,137,173,44.2
536,Zach Bogosian\bogosza01,26,D,BUF,48,1,7,8,-19,44,1,0,0,1,6,1,0,59,1.7,962,20:02,88,56,0,1,0.0
537,Jacob Josefson\josefja01,25,C,NJD,35,1,7,8,0,16,1,0,0,1,6,1,0,41,2.4,430,12:17,12,27,151,132,53.4
538,Alexey Marchenko\marchal01,25,D,TOT,40,1,7,8,8,12,1,0,0,0,6,0,1,36,2.8,684,17:06,59,22,0,0,
539,Jesse Puljujarvi\puljuje01,18,RW,EDM,28,1,7,8,5,10,0,1,0,0,7,0,0,41,2.4,315,11:15,10,11,0,1,0.0
540,Chris Tanev\tanevch01,27,D,VAN,44,1,7,8,4,10,1,0,0,1,7,0,0,34,2.9,899,20:26,84,14,0,0,
541,Shea Theodore\theodsh01,21,D,ANA,30,1,7,8,-11,26,0,1,0,0,5,1,1,50,2.0,508,16:57,24,13,0,0,
542,Nikita Tryamkin\tryamni01,22,D,VAN,57,1,7,8,-5,56,1,0,0,0,7,0,0,53,1.9,944,16:34,76,125,0,0,
543,Yannick Weber\weberya01,28,D,NSH,72,1,7,8,1,25,1,0,0,1,7,0,0,70,1.4,859,11:56,52,71,0,0,
544,Jake Dotchin\dotchja01,22,D,TBL,27,0,8,8,9,31,0,0,0,0,8,0,0,40,0.0,496,18:23,15,64,0,0,
545,Jamie Oleksiak\oleksja01,24,D,DAL,37,5,2,7,-4,37,5,0,0,1,1,0,1,31,16.1,596,16:07,44,48,0,0,
546,Reid Boucher\bouchre01,23,C/LW,TOT,30,4,3,7,-2,4,4,0,0,0,3,0,0,51,7.8,339,11:17,11,15,0,1,0.0
547,Matt Hendricks\hendrma01,35,LW,EDM,40,4,3,7,-3,27,4,0,0,1,3,0,0,40,10.0,435,10:52,37,78,125,94,57.1
548,Nick Lappin\lappini01,24,RW,NJD,43,4,3,7,-17,17,4,0,0,0,3,0,0,57,7.0,504,11:43,10,35,2,5,28.6
549,Tyler Motte\mottety01,21,LW,CHI,33,4,3,7,2,14,4,0,0,0,3,0,0,46,8.7,376,11:23,24,27,4,6,40.0
550,Ivan Barbashev\barbaiv01,21,C,STL,21,3,4,7,4,2,3,0,0,1,4,0,0,11,27.3,226,10:46,10,27,57,74,43.5
551,Pierre-Edouard Bellemare\bellepi01,31,LW,PHI,73,3,4,7,0,18,3,0,0,0,3,0,1,79,3.8,959,13:08,66,68,379,401,48.6
552,Lance Bouma\boumala01,26,C,CGY,54,3,4,7,0,28,3,0,0,1,4,0,0,45,6.7,611,11:19,41,114,4,8,33.3
553,Andreas Martinsen\martian01,26,LW,TOT,59,3,4,7,-11,32,3,0,0,0,3,0,1,66,4.5,577,9:47,26,157,3,0,100.0
554,John Mitchell\mitchjo01,32,C,COL,64,3,4,7,-11,45,3,0,0,1,4,0,0,57,5.3,809,12:38,45,88,297,240,55.3
555,Steve Ott\ottst01,34,C,TOT,49,3,4,7,-6,68,3,0,0,0,4,0,0,40,7.5,522,10:39,22,131,134,109,55.1
556,Nail Yakupov\yakupna01,23,RW,STL,36,3,4,7,-5,10,3,0,0,0,4,0,0,28,10.7,382,10:36,6,30,0,0,
557,Connor Carrick\carrico01,22,D,TOR,58,2,5,7,8,49,1,1,0,0,5,0,0,81,2.5,957,16:30,74,59,0,0,
558,Christian Folin\folinch01,25,D,MIN,44,2,5,7,8,24,2,0,0,0,5,0,0,34,5.9,653,14:50,54,62,0,0,
559,Markus Nutivaara\nutivma01,22,D,CBJ,60,2,5,7,9,6,2,0,0,0,5,0,0,60,3.3,779,12:59,36,30,0,0,
560,Adam Pelech\pelecad01,22,D,NYI,35,2,5,7,-4,2,2,0,0,0,5,0,0,29,6.9,585,16:43,49,44,0,0,
561,Steven Santini\santist01,21,D,NJD,33,2,5,7,-4,10,2,0,0,0,5,0,0,34,5.9,530,16:04,34,69,0,0,
562,Logan Shaw\shawlo01,25,RW,ANA,49,2,5,7,0,10,1,0,1,0,4,0,1,54,3.7,475,9:42,16,55,46,83,35.7
563,Brendan Smith\smithbr05,27,D,TOT,44,2,5,7,3,44,1,1,0,1,3,2,0,57,3.5,854,19:24,59,52,0,0,
564,Dylan DeMelo\demeldy01,23,D,SJS,23,1,6,7,2,14,1,0,0,0,6,0,0,30,3.3,358,15:33,28,31,0,0,
565,Phillip Di Giuseppe\digiuph01,23,LW,CAR,30,1,6,7,-11,15,1,0,0,1,5,1,0,61,1.6,381,12:42,10,80,0,2,0.0
566,Ben Lovejoy\lovejbe01,32,D,NJD,73,1,6,7,-8,30,1,0,0,1,6,0,0,78,1.3,1526,20:54,134,74,0,0,
567,Olli Maatta\maattol01,22,D,PIT,54,1,6,7,17,12,1,0,0,0,6,0,0,63,1.6,973,18:01,101,71,0,0,
568,Martin Marincin\marinma01,24,D,TOR,25,1,6,7,3,16,1,0,0,0,5,0,1,22,4.5,451,18:03,27,25,0,0,
569,Scott Mayfield\mayfisc01,24,D,NYI,20,1,6,7,0,33,1,0,0,0,6,0,0,30,3.3,281,14:02,31,34,0,0,
570,Jared McCann\mccanja01,20,C,FLA,29,1,6,7,-1,4,1,0,0,0,5,1,0,44,2.3,337,11:38,6,28,41,64,39.0
571,Greg Pateryn\patergr01,26,D,TOT,30,1,6,7,-1,4,1,0,0,0,6,0,0,32,3.1,443,14:46,55,54,0,0,
572,Ryan Sproul\sproury01,24,D,DET,27,1,6,7,-8,6,0,1,0,0,4,2,0,46,2.2,409,15:09,14,12,0,0,
573,Justin Falk\falkju01,28,D,BUF,46,0,7,7,-2,27,0,0,0,0,7,0,0,26,0.0,625,13:35,36,89,1,0,100.0
574,Taylor Fedun\fedunta01,28,D,BUF,27,0,7,7,3,16,0,0,0,0,4,3,0,24,0.0,361,13:22,20,7,0,0,
575,Luke Schenn\schenlu01,27,D,ARI,70,0,7,7,-10,75,0,0,0,0,7,0,0,86,0.0,1254,17:54,118,252,0,0,
576,Drew Miller\milledr01,32,LW,DET,48,5,1,6,-10,16,5,0,0,1,1,0,0,38,13.2,492,10:15,41,60,2,1,66.7
577,William Carrier\carriwi01,22,LW,BUF,35,4,2,6,2,17,4,0,0,1,2,0,0,40,10.0,314,8:58,8,96,1,1,50.0
578,Ales Hemsky\hemskal01,33,RW,DAL,12,3,3,6,0,0,3,0,0,0,2,1,0,22,13.6,176,14:39,4,0,0,0,
579,Greg McKegg\mckeggr01,24,C,TOT,39,3,3,6,-6,18,3,0,0,0,3,0,0,33,9.1,384,9:51,16,42,68,68,50.0
580,Zachary Sanford\sanfoza01,22,LW/C,TOT,31,3,3,6,0,8,3,0,0,2,3,0,0,28,10.7,320,10:20,16,18,10,9,52.6
581,Jakub Vrana\vranaja01,20,LW,WSH,21,3,3,6,2,2,0,3,0,2,2,1,0,32,9.4,233,11:07,7,6,0,3,0.0
582,Adrian Kempe\kempead01,20,LW,LAK,17,2,4,6,-2,6,2,0,0,1,1,2,1,26,7.7,210,12:20,3,18,46,51,47.4
583,Kevin Gravel\graveke01,24,D,LAK,46,1,5,6,2,6,0,1,0,0,4,1,0,52,1.9,641,13:57,57,68,0,0,
584,Erik Gudbranson\gudbrer01,25,D,VAN,30,1,5,6,-14,18,1,0,0,1,5,0,0,40,2.5,610,20:20,44,66,0,0,
585,Korbinian Holzer\holzeko01,28,D,ANA,29,1,5,6,-3,14,1,0,0,0,5,0,0,12,8.3,391,13:30,27,63,0,0,
586,Jyrki Jokipakka\jokipjy01,25,D,CGY,38,1,5,6,-3,12,1,0,0,0,5,0,0,29,3.4,548,14:26,30,25,0,0,
587,Philip Larsen\larseph01,27,D,VAN,24,1,5,6,-7,4,1,0,0,0,3,2,0,30,3.3,406,16:55,21,11,0,0,
588,Jonathon Merrill\merrijo01,24,D,NJD,45,1,5,6,-5,24,1,0,0,0,5,0,0,43,2.3,847,18:49,58,36,0,0,
589,Carl Gunnarsson\gunnaca01,30,D,STL,51,0,6,6,-6,4,0,0,0,0,6,0,0,27,0.0,695,13:38,61,37,0,0,
590,Roman Lyubimov\lyubiro01,25,LW,PHI,46,4,1,5,-2,8,4,0,0,1,1,0,0,40,10.0,439,9:33,16,27,1,6,14.3
591,Cody McLeod\mcleoco01,32,LW,TOT,51,4,1,5,-2,111,4,0,0,0,1,0,0,25,16.0,348,6:49,8,128,0,0,
592,Chris Wagner\wagnech01,25,C,ANA,35,4,1,5,-1,6,4,0,0,0,1,0,0,35,11.4,325,9:17,17,88,50,72,41.0
593,Jordan Weal\wealjo01,24,C,PHI,15,4,1,5,3,6,4,0,0,0,1,0,0,30,13.3,213,14:10,6,4,7,7,50.0
594,Timo Meier\meierti01,20,RW,SJS,28,3,2,5,-1,6,3,0,0,1,2,0,0,67,4.5,359,12:49,5,59,1,4,20.0
595,Evan Rodrigues\rodriev01,23,LW,BUF,22,3,2,5,-1,2,3,0,0,0,2,0,0,40,7.5,281,12:47,7,10,69,94,42.3
596,J.T. Brown\brownjt01,26,RW,TBL,59,2,3,5,-8,66,1,0,1,1,3,0,0,62,3.2,614,10:24,23,98,12,26,31.6
597,Joel Eriksson Ek\eriksjo02,20,LW,MIN,9,2,3,5,2,2,2,0,0,1,3,0,0,7,28.6,91,10:07,5,14,21,35,37.5
598,Gustav Forsling\forslgu02,20,D,CHI,36,2,3,5,4,4,2,0,0,0,2,1,0,44,4.5,529,14:42,16,16,0,0,
599,Jimmy Hayes\hayesji01,27,RW,BOS,54,2,3,5,-2,29,2,0,0,1,3,0,0,69,2.9,515,9:32,10,71,14,40,25.9
600,Tyler Myers\myersty01,26,D,WPG,11,2,3,5,5,13,2,0,0,0,2,0,1,16,12.5,244,22:12,21,12,0,0,
601,Taylor Chorney\chornta01,29,D,WSH,17,1,4,5,8,11,1,0,0,1,4,0,0,17,5.9,239,14:03,27,27,0,0,
602,Remi Elie\eliere01,21,LW,DAL,10,1,4,5,2,6,1,0,0,0,4,0,0,10,10.0,158,15:46,8,22,1,0,100.0
603,Tom Gilbert\gilbeto01,34,D,LAK,18,1,4,5,-4,6,1,0,0,0,3,1,0,12,8.3,278,15:27,28,10,0,0,
604,Stephen Gionta\giontst01,33,RW,NYI,17,1,4,5,6,0,1,0,0,0,4,0,0,12,8.3,182,10:43,3,38,20,18,52.6
605,Josh Gorges\gorgejo01,32,D,BUF,58,1,4,5,-3,45,1,0,0,0,4,0,0,34,2.9,1071,18:28,100,131,0,1,0.0
606,Eric Gryba\grybaer01,28,D,EDM,37,1,4,5,-6,55,1,0,0,1,4,0,0,39,2.6,603,16:18,44,136,0,0,
607,Garnet Hathaway\hathaga01,25,RW,CGY,26,1,4,5,0,44,1,0,0,0,4,0,0,22,4.5,238,9:08,14,56,10,9,52.6
608,Brad Hunt\huntbr01,28,D,STL,9,1,4,5,-2,2,0,1,0,0,3,1,0,12,8.3,122,13:36,1,0,0,0,
609,Michael McCarron\mccarmi01,21,RW,MTL,27,1,4,5,-1,37,1,0,0,0,4,0,0,30,3.3,261,9:40,9,67,66,90,42.3
610,Andrej Nestrasil\nestran01,25,C,CAR,19,1,4,5,-3,2,1,0,0,0,4,0,0,27,3.7,207,10:54,6,10,3,7,30.0
611,Brendan Gaunce\gauncbr01,22,LW,VAN,57,0,5,5,-2,33,0,0,0,0,5,0,0,51,0.0,541,9:29,12,94,84,80,51.2
612,Cody Goloubef\golouco01,27,D,COL,31,0,5,5,-11,25,0,0,0,0,5,0,0,29,0.0,535,17:16,33,28,0,0,
613,Seth Griffith\griffse01,24,C,TOT,24,0,5,5,6,8,0,0,0,0,4,1,0,21,0.0,306,12:44,5,30,2,6,25.0
614,Paul Ladue\laduepa01,24,D,LAK,16,0,5,5,-3,4,0,0,0,0,3,2,0,21,0.0,263,16:25,10,10,0,0,
615,John-Michael Liles\lilesjo01,36,D,BOS,31,0,5,5,0,4,0,0,0,0,2,3,0,26,0.0,505,16:17,37,21,2,0,100.0
616,Zach Redmond\redmoza01,28,D,MTL,16,0,5,5,6,2,0,0,0,0,5,0,0,12,0.0,197,12:19,13,25,0,0,
617,Matt Tennyson\tennyma01,26,D,CAR,37,0,5,5,-9,2,0,0,0,0,5,0,0,30,0.0,497,13:26,34,46,0,0,
618,Nicholas Baptiste\baptini01,21,RW,BUF,14,3,1,4,1,6,3,0,0,0,1,0,0,16,18.8,129,9:14,1,12,1,2,33.3
619,Chris Thorburn\thorbch01,33,RW,WPG,57,3,1,4,-7,93,2,0,1,0,1,0,0,33,9.1,398,6:59,24,82,11,13,45.8
620,Yohann Auvitu\auvityo01,27,D,NJD,25,2,2,4,1,2,2,0,0,0,1,1,0,54,3.7,390,15:36,9,20,0,0,
621,Justin Bailey\baileju01,21,RW,BUF,32,2,2,4,0,4,2,0,0,1,2,0,0,36,5.6,340,10:38,14,27,0,1,0.0
622,Ryan Callahan\callary01,31,RW,TBL,18,2,2,4,-4,23,2,0,0,1,2,0,0,22,9.1,255,14:09,13,48,5,4,55.6
623,Ryan Carpenter\carpery01,26,C,SJS,11,2,2,4,5,4,2,0,0,0,2,0,0,20,10.0,114,10:23,2,15,34,41,45.3
624,Vernon Fiddler\fiddlve01,36,LW,TOT,54,2,2,4,-15,50,1,0,1,0,2,0,0,45,4.4,636,11:47,30,55,340,293,53.7
625,Sergey Kalinin\kalinse01,25,C,NJD,43,2,2,4,-13,15,2,0,0,0,2,0,0,38,5.3,550,12:48,20,53,72,102,41.4
626,Brayden McNabb\mcnabbr01,26,D,LAK,40,2,2,4,4,45,2,0,0,0,2,0,0,39,5.1,615,15:22,46,89,0,0,
627,Ben Smith\smithbe01,28,RW,TOT,39,2,2,4,-6,4,2,0,0,0,2,0,0,28,7.1,448,11:29,41,29,234,225,51.0
628,Brandon Tanev\tanevbr01,25,LW,WPG,44,2,2,4,-6,26,2,0,0,1,2,0,0,47,4.3,481,10:56,29,114,1,0,100.0
629,Chris Terry\terrych01,27,LW,MTL,14,2,2,4,-1,4,2,0,0,0,2,0,0,15,13.3,138,9:53,1,10,1,1,50.0
630,Shawn Thornton\thornsh01,39,LW,FLA,43,2,2,4,-6,60,2,0,0,0,2,0,0,36,5.6,319,7:25,7,41,5,7,41.7
631,Robert Bortuzzo\borturo01,27,D,STL,34,1,3,4,8,15,1,0,0,0,3,0,0,42,2.4,481,14:08,47,73,0,0,
632,Kyle Connor\connoky01,20,LW,WPG,19,1,3,4,-8,4,1,0,0,1,1,2,0,21,4.8,234,12:19,8,1,1,1,50.0
633,Derek Dorsett\dorsede01,30,RW,VAN,14,1,3,4,-6,33,1,0,0,0,3,0,0,24,4.2,139,9:56,6,35,1,0,100.0
634,Cameron Gaunce\gauncca01,26,D,PIT,8,1,3,4,2,8,1,0,0,0,3,0,0,8,12.5,92,11:28,5,12,0,0,
635,Anton Lander\landean01,25,C,EDM,22,1,3,4,2,6,1,0,0,0,3,0,0,12,8.3,215,9:46,7,28,79,62,56.0
636,Brandon Montour\montobr01,22,D,ANA,20,1,3,4,6,10,1,0,0,0,2,1,0,37,2.7,338,16:55,19,16,0,0,
637,Anthony Bitetto\bitetan01,26,D,NSH,22,0,4,4,-3,21,0,0,0,0,4,0,0,15,0.0,254,11:32,20,34,0,0,
638,Derek Grant\grantde01,26,C,TOT,46,0,4,4,-5,24,0,0,0,0,4,0,0,40,0.0,449,9:46,29,27,200,183,52.2
639,Julius Honka\honkaju01,21,D,DAL,10,0,4,4,-4,2,0,0,0,0,3,1,0,22,0.0,166,16:35,5,5,0,0,
640,Jakub Kindl\kindlja01,29,D,FLA,33,0,4,4,-11,26,0,0,0,0,4,0,0,37,0.0,491,14:53,31,42,0,0,
641,Slater Koekkoek\koekksl01,22,D,TBL,29,0,4,4,-4,8,0,0,0,0,4,0,0,27,0.0,377,12:59,27,25,0,0,
642,Nate Prosser\prossna01,30,D,MIN,35,0,4,4,-4,10,0,0,0,0,3,1,0,15,0.0,442,12:38,61,27,0,0,
643,Dalton Prout\proutda01,26,D,TOT,23,0,4,4,-2,22,0,0,0,0,4,0,0,12,0.0,322,13:59,21,31,0,0,
644,Nick Schultz\schulni01,34,D,PHI,23,0,4,4,0,8,0,0,0,0,4,0,0,23,0.0,349,15:10,45,36,0,0,
645,Christian Fischer\fischch01,19,RW,ARI,5,3,0,3,0,0,3,0,0,1,0,0,0,7,42.9,61,12:17,0,6,0,0,
646,Laurent Dauphin\dauphla01,21,C,ARI,24,2,1,3,-2,12,1,0,1,1,1,0,0,32,6.3,262,10:55,11,32,37,45,45.1
647,Gabriel Dumont\dumonga01,26,C,TBL,32,2,1,3,-2,29,2,0,0,0,1,0,0,30,6.7,294,9:11,12,64,101,81,55.5
648,Ryan Garbutt\garbury01,31,LW,ANA,27,2,1,3,-3,20,2,0,0,1,0,0,1,26,7.7,247,9:10,12,53,7,4,63.6
649,Frederik Gauthier\gauthfr01,21,C,TOR,21,2,1,3,2,23,2,0,0,0,1,0,0,15,13.3,204,9:42,17,17,120,115,51.1
650,Shane Harper\harpesh01,27,RW,FLA,14,2,1,3,-1,18,2,0,0,0,1,0,0,13,15.4,144,10:18,0,19,0,0,
651,Kyle Rau\rauky01,24,C,FLA,24,2,1,3,-3,4,2,0,0,0,1,0,0,21,9.5,230,9:36,3,24,2,1,66.7
652,Gemel Smith\smithge02,22,C,DAL,12,2,1,3,1,21,1,0,1,0,1,0,0,14,14.3,157,13:05,4,3,21,30,41.2
653,Kenny Agostino\agostke01,24,LW,STL,7,1,2,3,0,2,1,0,0,0,1,1,0,17,5.9,89,12:47,3,9,0,0,
654,Klas Dahlbeck\dahlbkl01,25,D,CAR,33,1,2,3,-7,22,1,0,0,0,2,0,0,28,3.6,454,13:46,28,60,0,0,
655,Zac Dalpe\dalpeza01,27,C,MIN,9,1,2,3,0,9,1,0,0,0,2,0,0,8,12.5,77,8:33,5,5,27,32,45.8
656,Scott Harrington\harrisc01,23,D,CBJ,16,1,2,3,3,6,1,0,0,0,2,0,0,8,12.5,197,12:18,19,16,0,0,
657,John Hayden\haydejo01,21,C,CHI,5,1,2,3,5,0,1,0,0,0,2,0,0,11,9.1,68,13:31,1,22,0,0,
658,Chris Neil\neilch01,37,RW,OTT,52,1,2,3,-10,63,1,0,0,0,2,0,0,41,2.4,386,7:26,19,107,0,0,
659,Iiro Pakarinen\pakarii01,25,RW,EDM,11,1,2,3,2,0,1,0,0,0,2,0,0,11,9.1,92,8:24,6,20,0,1,0.0
660,John Quenneville\quennjo02,20,C,NJD,7,1,2,3,1,2,0,1,0,0,2,0,0,13,7.7,94,13:23,5,9,0,0,
661,Carter Rowney\rowneca01,27,RW,PIT,19,1,2,3,3,2,1,0,0,1,2,0,0,13,7.7,189,9:58,10,37,58,50,53.7
662,Marcus Sorensen\sorenma01,24,RW,SJS,13,1,2,3,-1,2,1,0,0,1,2,0,0,17,5.9,137,10:31,5,11,0,0,
663,Clayton Stoner\stonecl01,31,D,ANA,14,1,2,3,0,28,1,0,0,0,2,0,0,16,6.3,246,17:33,17,35,0,0,
664,Harry Zolnierczyk\zolniha01,29,LW,NSH,22,1,2,3,-2,10,1,0,0,0,2,0,0,16,6.3,187,8:30,10,24,2,3,40.0
665,Noel Acciari\acciano01,25,C,BOS,22,0,3,3,1,4,0,0,0,0,3,0,0,19,0.0,213,9:40,3,52,11,16,40.7
666,Alex Biega\biegaal01,28,D,VAN,30,0,3,3,-3,18,0,0,0,0,3,0,0,28,0.0,406,13:33,21,79,0,0,
667,Jared Boll\bollja01,30,RW,ANA,48,0,3,3,-3,82,0,0,0,0,3,0,0,13,0.0,283,5:54,13,65,0,1,0.0
668,Brett Kulak\kulakbr01,23,D,CGY,21,0,3,3,-3,12,0,0,0,0,3,0,0,19,0.0,299,14:15,13,14,0,0,
669,Patrik Nemeth\nemetpa01,24,D,DAL,36,0,3,3,-3,12,0,0,0,0,3,0,0,36,0.0,560,15:34,42,39,0,0,
670,Gustav Olofsson\olofsgu01,22,D,MIN,13,0,3,3,-1,2,0,0,0,0,2,1,0,7,0.0,175,13:29,16,10,0,0,
671,Karl Stollery\stollka01,29,D,NJD,11,0,3,3,-5,13,0,0,0,0,0,3,0,11,0.0,186,16:55,16,26,0,0,
672,Paul Thompson\thomppa02,28,RW,FLA,21,0,3,3,-4,22,0,0,0,0,3,0,0,19,0.0,166,7:54,16,48,0,1,0.0
673,Joel Vermin\vermijo01,24,RW,TBL,14,0,3,3,2,4,0,0,0,0,3,0,0,9,0.0,155,11:06,7,15,2,0,100.0
674,Luke Witkowski\witkolu01,26,D,TBL,26,0,3,3,-3,28,0,0,0,0,3,0,0,18,0.0,251,9:39,12,55,0,0,
675,Josh Archibald\archijo01,24,RW,PIT,5,2,0,2,1,0,1,0,1,0,0,0,0,5,40.0,45,9:02,0,12,0,1,0.0
676,J.T. Compher\comphj.01,21,LW,COL,12,2,0,2,-1,2,2,0,0,1,0,0,0,11,18.2,161,13:23,11,9,50,49,50.5
677,Teemu Pulkkinen\pulkkte01,25,LW,TOT,13,2,0,2,-2,6,2,0,0,0,0,0,0,10,20.0,124,9:30,3,4,0,1,0.0
678,Pontus Aberg\abergpo01,23,LW,NSH,15,1,1,2,-2,4,1,0,0,0,1,0,0,12,8.3,185,12:20,2,9,1,0,100.0
679,Anton Blidh\blidhan01,21,LW,BOS,19,1,1,2,-2,7,1,0,0,0,1,0,0,26,3.8,167,8:47,4,41,0,0,
680,Mark Borowiecki\borowma01,27,D,OTT,61,1,1,2,-1,136,1,0,0,0,1,0,0,39,2.6,836,13:42,78,322,1,0,100.0
681,Michael Bournival\bournmi01,24,LW,TBL,17,1,1,2,-4,2,1,0,0,0,1,0,0,21,4.8,171,10:03,8,25,1,2,33.3
682,Cory Conacher\conacco01,27,LW,TBL,8,1,1,2,-2,4,0,1,0,0,1,0,0,11,9.1,94,11:43,0,0,1,1,50.0
683,Tanner Glass\glassta01,33,LW,NYR,7,1,1,2,0,10,1,0,0,0,1,0,0,6,16.7,69,9:49,2,19,1,0,100.0
684,Yanni Gourde\gourdya01,25,C,TBL,12,1,1,2,-3,4,0,0,1,0,1,0,0,15,6.7,176,14:38,3,7,31,41,43.1
685,Matt Greene\greenma01,33,D,LAK,26,1,1,2,3,19,1,0,0,0,1,0,0,14,7.1,343,13:11,27,71,0,0,
686,Markus Hannikainen\hannima01,23,LW,CBJ,10,1,1,2,0,6,1,0,0,0,1,0,0,8,12.5,91,9:08,5,16,0,0,
687,Steven Kampfer\kampfst01,28,D,TOT,9,1,1,2,-2,6,1,0,0,0,1,0,0,6,16.7,115,12:46,10,20,0,0,
688,Dmitry Kulikov\kulikdm01,26,D,BUF,39,1,1,2,-17,24,1,0,0,0,1,0,0,33,3.0,839,21:31,60,52,0,0,
689,Taylor Leier\leierta01,22,LW,PHI,10,1,1,2,-1,4,1,0,0,0,1,0,0,7,14.3,91,9:04,0,7,0,1,0.0
690,Milan Michalek\michami01,32,LW,TOR,5,1,1,2,-2,2,1,0,0,0,1,0,0,6,16.7,71,14:16,9,7,0,1,0.0
691,Mirco Mueller\muellmi01,21,D,SJS,4,1,1,2,2,0,1,0,0,0,1,0,0,3,33.3,38,9:36,3,2,0,0,
692,Matthew Peca\pecama01,23,C,TBL,10,1,1,2,-3,2,1,0,0,0,1,0,0,9,11.1,114,11:27,2,9,32,40,44.4
693,Michal Rozsival\rozsimi01,38,D,CHI,20,1,1,2,-3,10,1,0,0,1,1,0,0,15,6.7,307,15:20,23,45,0,0,
694,Mark Stuart\stuarma01,32,D,WPG,35,1,1,2,1,25,1,0,0,0,1,0,0,15,6.7,425,12:09,67,59,0,0,
695,Jordin Tootoo\tootojo01,33,RW,CHI,45,1,1,2,-4,26,1,0,0,0,1,0,0,40,2.5,298,6:37,6,44,1,0,100.0
696,Andy Andreoff\andrean01,25,LW,LAK,32,0,2,2,-1,32,0,0,0,0,2,0,0,34,0.0,344,10:44,7,64,38,25,60.3
697,Peter Cehlarik\cehlape01,21,LW,BOS,11,0,2,2,0,0,0,0,0,0,1,1,0,8,0.0,153,13:55,4,7,2,1,66.7
698,Brandon Davidson\davidbr01,25,D,TOT,32,0,2,2,0,18,0,0,0,0,2,0,0,34,0.0,493,15:25,53,35,0,0,
699,Nicolas Deslauriers\deslani01,25,LW,BUF,38,0,2,2,-6,38,0,0,0,0,2,0,0,19,0.0,264,6:56,5,99,0,3,0.0
700,Justin Dowling\dowliju01,26,C,DAL,5,0,2,2,0,2,0,0,0,0,1,1,0,9,0.0,56,11:11,0,1,20,21,48.8
701,Mark Fayne\faynema01,29,D,EDM,4,0,2,2,1,0,0,0,0,0,2,0,0,4,0.0,32,7:55,2,1,0,0,
702,Marek Hrivik\hrivima01,25,LW,NYR,16,0,2,2,-3,2,0,0,0,0,1,1,0,15,0.0,167,10:25,5,19,32,48,40.0
703,Charles Hudon\hudonch01,22,LW,MTL,3,0,2,2,1,2,0,0,0,0,2,0,0,3,0.0,36,11:56,0,11,0,0,
704,Curtis Lazar\lazarcu01,21,RW,TOT,35,0,2,2,-10,4,0,0,0,0,2,0,0,24,0.0,309,8:50,16,61,28,47,37.3
705,Ryan Murphy\murphry01,23,D,CAR,25,0,2,2,-11,8,0,0,0,0,2,0,0,16,0.0,330,13:13,30,2,0,0,
706,Teddy Purcell\purcete01,31,LW,LAK,12,0,2,2,0,0,0,0,0,0,2,0,0,10,0.0,155,12:54,2,7,3,0,100.0
707,Ty Rattie\rattity01,23,RW,TOT,9,0,2,2,-2,0,0,0,0,0,2,0,0,10,0.0,97,10:44,4,10,0,0,
708,Tom Sestito\sestito01,29,LW,PIT,11,0,2,2,2,46,0,0,0,0,2,0,0,2,0.0,54,4:57,2,16,0,0,
709,Brian Strait\straibr01,29,D,WPG,4,0,2,2,0,0,0,0,0,0,2,0,0,2,0.0,62,15:35,7,3,0,0,
710,Bryan Bickell\bickebr01,30,LW,CAR,7,1,0,1,-1,4,0,1,0,1,0,0,0,6,16.7,68,9:42,1,10,0,2,0.0
711,Adam Erne\ernead01,21,LW,TBL,18,1,0,1,-5,11,1,0,0,0,0,0,0,29,3.4,216,12:02,6,53,0,2,0.0
712,Nikolay Goldobin\goldoni01,21,RW/LW,TOT,6,1,0,1,1,0,1,0,0,1,0,0,0,10,10.0,61,10:09,2,1,0,0,
713,Boyd Gordon\gordobo01,33,C,PHI,13,1,0,1,-5,2,1,0,0,0,0,0,0,8,12.5,106,8:11,7,4,48,38,55.8
714,Freddie Hamilton\hamilfr01,25,C,CGY,24,1,0,1,-3,8,1,0,0,1,0,0,0,26,3.8,227,9:26,1,42,72,50,59.0
715,Seth Helgeson\helgese01,26,D,NJD,9,1,0,1,2,15,1,0,0,0,0,0,0,3,33.3,121,13:28,11,16,0,0,
716,Samuel Henley\henlesa01,23,C,COL,1,1,0,1,1,2,1,0,0,0,0,0,0,1,100.0,5,5:18,0,2,0,1,0.0
717,Jujhar Khaira\khairju01,22,LW,EDM,9,1,0,1,1,2,1,0,0,1,0,0,0,9,11.1,82,9:09,4,16,6,12,33.3
718,Dylan McIlrath\mcilrdy01,24,D,TOT,6,1,0,1,-2,14,1,0,0,0,0,0,0,3,33.3,57,9:31,4,15,0,0,
719,Wade Megan\meganwa01,26,C,STL,3,1,0,1,1,0,1,0,0,0,0,0,0,6,16.7,26,8:48,0,2,13,14,48.1
720,Mike Reilly\reillmi01,23,D,MIN,17,1,0,1,1,2,1,0,0,0,0,0,0,19,5.3,210,12:23,8,2,0,0,
721,Nikita Scherbak\scherni01,21,RW,MTL,3,1,0,1,1,0,0,1,0,0,0,0,0,3,33.3,34,11:23,1,0,0,0,
722,Valentin Zykov\zykovva01,21,LW,CAR,2,1,0,1,1,0,1,0,0,0,0,0,0,3,33.3,13,6:15,0,0,0,0,
723,Matt Bartkowski\bartkma01,28,D,CGY,16,0,1,1,1,9,0,0,0,0,1,0,0,9,0.0,240,15:02,9,26,0,0,
724,Christoph Bertschy\bertsch02,22,C,MIN,5,0,1,1,0,4,0,0,0,0,1,0,0,5,0.0,41,8:08,3,7,0,0,
725,Matt Carle\carlema01,32,D,NSH,6,0,1,1,-1,0,0,0,0,0,1,0,0,2,0.0,79,13:09,5,3,0,0,
726,Blake Coleman\colembl01,25,C,NJD,15,0,1,1,-5,13,0,0,0,0,1,0,0,20,0.0,188,12:32,10,34,56,71,44.1
727,Kevin Connauton\connake01,26,D,ARI,20,0,1,1,-3,8,0,0,0,0,1,0,0,18,0.0,246,12:19,15,40,0,0,
728,Andrew Desjardins\desjaan01,30,LW,CHI,42,0,1,1,-5,15,0,0,0,0,1,0,0,40,0.0,383,9:07,14,65,26,22,54.2
729,Hudson Fasching\faschhu01,21,RW,BUF,10,0,1,1,-1,2,0,0,0,0,1,0,0,6,0.0,104,10:25,2,17,0,0,
730,Kurtis Gabriel\gabriku01,23,RW,MIN,13,0,1,1,0,29,0,0,0,0,1,0,0,3,0.0,76,5:49,1,26,0,0,
731,Tyler Gaudet\gaudety01,23,C,ARI,4,0,1,1,0,0,0,0,0,0,1,0,0,3,0.0,52,12:59,1,3,14,21,40.0
732,Frederick Gaudreau\gaudrfr01,23,C,NSH,9,0,1,1,1,0,0,0,0,0,1,0,0,8,0.0,78,8:40,5,1,4,8,33.3
733,Eric Gelinas\geliner01,25,D,COL,27,0,1,1,-4,12,0,0,0,0,1,0,0,29,0.0,313,11:35,16,32,0,1,0.0
734,A.J. Greer\greeraj01,20,LW,COL,5,0,1,1,-2,4,0,0,0,0,1,0,0,8,0.0,68,13:39,3,4,0,0,
735,Joseph Morrow\morrojo02,24,D,BOS,17,0,1,1,-4,8,0,0,0,0,1,0,0,19,0.0,264,15:32,19,29,0,0,
736,Cal O'Reilly\oreilca01,30,C,BUF,11,0,1,1,-6,0,0,0,0,0,1,0,0,3,0.0,87,7:56,3,2,32,34,48.5
737,Steven Oleksy\oleksst01,30,D,PIT,11,0,1,1,2,24,0,0,0,0,1,0,0,11,0.0,151,13:42,19,20,0,0,
738,Anton Rodin\rodinan01,26,RW,VAN,3,0,1,1,1,0,0,0,0,0,1,0,0,2,0.0,27,8:55,1,0,0,0,
739,Cole Schneider\schneco02,26,LW,BUF,4,0,1,1,2,0,0,0,0,0,1,0,0,6,0.0,29,7:09,2,3,0,0,
740,Hunter Shinkaruk\shinkhu01,22,LW,CGY,7,0,1,1,-3,2,0,0,0,0,1,0,0,5,0.0,74,10:35,3,3,0,0,
741,Drew Shore\shoredr01,26,C,VAN,5,0,1,1,-2,4,0,0,0,0,1,0,0,4,0.0,54,10:53,1,8,8,5,61.5
742,Nick Sorensen\sorenni01,22,RW,ANA,5,0,1,1,-1,2,0,0,0,0,1,0,0,7,0.0,54,10:53,3,2,1,0,100.0
743,Dylan Strome\stromdy01,19,C,ARI,7,0,1,1,-5,0,0,0,0,0,1,0,0,6,0.0,96,13:41,2,3,31,46,40.3
744,Jake Virtanen\virtaja01,20,RW,VAN,10,0,1,1,1,2,0,0,0,0,1,0,0,13,0.0,101,10:09,4,17,3,0,100.0
745,Lucas Wallmark\wallmlu01,21,C,CAR,3,0,1,1,0,2,0,0,0,0,1,0,0,3,0.0,37,12:28,1,5,16,8,66.7
746,Spencer Abbott\abbotsp01,28,LW,CHI,1,0,0,0,0,0,0,0,0,0,0,0,0,1,0.0,9,8:34,0,0,0,0,
747,Brady Austin\austibr01,23,D,BUF,2,0,0,0,-1,2,0,0,0,0,0,0,0,4,0.0,35,17:19,0,2,0,0,
748,Casey Bailey\baileca01,25,RW,OTT,7,0,0,0,-1,0,0,0,0,0,0,0,0,10,0.0,56,7:00,4,4,0,1,0.0
749,Riley Barber\barberi01,22,RW,WSH,3,0,0,0,0,0,0,0,0,0,0,0,0,2,0.0,26,8:35,0,1,0,0,
750,Mathew Barzal\barzama01,19,C,NYI,2,0,0,0,-2,6,0,0,0,0,0,0,0,0,,20,9:45,0,1,6,7,46.2
751,Cody Bass\bassco01,30,C,NSH,9,0,0,0,-1,19,0,0,0,0,0,0,0,1,0.0,61,6:46,4,14,0,2,0.0
752,Taylor Beck\beckta01,25,LW,EDM,3,0,0,0,-1,4,0,0,0,0,0,0,0,0,,18,5:53,0,3,0,0,
753,Tyler Bertuzzi\bertuty01,21,LW,DET,7,0,0,0,-1,0,0,0,0,0,0,0,0,3,0.0,64,9:06,0,12,1,1,50.0
754,Mike Blunden\blundmi01,30,RW,OTT,2,0,0,0,0,4,0,0,0,0,0,0,0,1,0.0,16,8:07,0,6,0,0,
755,Gabriel Bourque\bourqga01,26,LW,COL,6,0,0,0,0,0,0,0,0,0,0,0,0,4,0.0,67,11:12,6,17,0,1,0.0
756,Patrick Brown\brownpa02,24,C,CAR,13,0,0,0,-6,0,0,0,0,0,0,0,0,12,0.0,128,9:51,5,28,8,4,66.7
757,Erik Burgdoerfer\burgder01,28,D,BUF,2,0,0,0,-1,0,0,0,0,0,0,0,0,2,0.0,22,11:10,0,5,0,0,
758,Mitch Callahan\callami01,25,RW,DET,4,0,0,0,0,0,0,0,0,0,0,0,0,2,0.0,27,6:49,2,3,0,0,
759,Patrick Cannone\cannopa01,30,C,MIN,3,0,0,0,0,0,0,0,0,0,0,0,0,2,0.0,24,7:53,1,2,11,10,52.4
760,Paul Carey\careypa01,28,C,WSH,4,0,0,0,-2,0,0,0,0,0,0,0,0,3,0.0,37,9:22,1,4,0,0,
761,Alexandre Carrier\carrial01,20,D,NSH,2,0,0,0,1,0,0,0,0,0,0,0,0,1,0.0,21,10:24,1,0,0,0,
762,Thomas Chabot\chaboth01,20,D,OTT,1,0,0,0,-2,0,0,0,0,0,0,0,0,1,0.0,7,7:09,0,1,0,0,
763,Erik Condra\condrer01,30,RW,TBL,13,0,0,0,-4,4,0,0,0,0,0,0,0,8,0.0,125,9:38,7,5,1,0,100.0
764,Frank Corrado\corrafr01,23,D,TOT,4,0,0,0,-1,8,0,0,0,0,0,0,0,3,0.0,43,10:46,2,4,0,0,
765,Jacob de La Rose\delarja01,21,LW,MTL,9,0,0,0,-3,4,0,0,0,0,0,0,0,4,0.0,98,10:54,5,23,17,17,50.0
766,Simon Despres\desprsi01,25,D,ANA,1,0,0,0,0,0,0,0,0,0,0,0,0,1,0.0,16,16:08,1,1,0,0,
767,Jason Dickinson\dickija01,21,C,DAL,2,0,0,0,-1,0,0,0,0,0,0,0,0,0,,18,9:02,1,1,4,9,30.8
768,Chris Didomenico\didomch01,27,RW,OTT,2,0,0,0,1,6,0,0,0,0,0,0,0,0,,16,8:05,1,1,0,0,
769,Andreas Englund\engluan01,21,D,OTT,4,0,0,0,0,2,0,0,0,0,0,0,0,1,0.0,40,9:57,0,16,0,0,
770,Emerson Etem\etemem01,24,LW,ANA,3,0,0,0,1,2,0,0,0,0,0,0,0,0,,26,8:48,0,4,0,1,0.0
771,Bobby Farnham\farnhbo01,28,RW,MTL,3,0,0,0,0,17,0,0,0,0,0,0,0,4,0.0,25,8:16,2,8,1,0,100.0
772,Martin Frk\frkma01,23,RW,CAR,2,0,0,0,-3,0,0,0,0,0,0,0,0,1,0.0,17,8:20,1,3,0,0,
773,Byron Froese\froesby01,25,C,TOT,6,0,0,0,-3,5,0,0,0,0,0,0,0,6,0.0,63,10:33,4,3,26,30,46.4
774,Luke Gazdic\gazdilu01,27,LW,NJD,10,0,0,0,-2,12,0,0,0,0,0,0,0,3,0.0,70,7:01,5,14,0,0,
775,Barclay Goodrow\goodrba01,23,RW,SJS,2,0,0,0,0,0,0,0,0,0,0,0,0,2,0.0,22,10:57,1,3,0,0,
776,Petter Granberg\granbpe01,24,D,NSH,10,0,0,0,0,10,0,0,0,0,0,0,0,4,0.0,96,9:38,9,17,0,0,
777,Alexandre Grenier\grenial01,25,RW,VAN,3,0,0,0,-1,0,0,0,0,0,0,0,0,1,0.0,19,6:29,0,3,2,0,100.0
778,Rocco Grimaldi\grimaro01,23,C,COL,1,0,0,0,0,0,0,0,0,0,0,0,0,3,0.0,8,8:09,2,1,0,0,
779,Nicklas Grossmann\grossni01,32,D,CGY,3,0,0,0,-4,2,0,0,0,0,0,0,0,3,0.0,39,13:01,1,7,0,0,
780,Matthew Grzelcyk\grzelma01,23,D,BOS,2,0,0,0,0,2,0,0,0,0,0,0,0,4,0.0,25,12:29,1,0,0,0,
781,Brendan Guhle\guhlebr01,19,D,BUF,3,0,0,0,1,0,0,0,0,0,0,0,0,4,0.0,49,16:21,8,3,0,0,
782,Joel Hanley\hanlejo01,25,D,MTL,7,0,0,0,-3,4,0,0,0,0,0,0,0,5,0.0,71,10:09,4,8,0,0,
783,Ben Harpur\harpube01,22,D,OTT,1,0,0,0,-1,0,0,0,0,0,0,0,0,0,,11,10:35,2,1,0,0,
784,Tim Heed\heedti01,26,D,SJS,1,0,0,0,0,0,0,0,0,0,0,0,0,1,0.0,16,16:29,2,0,0,0,
785,Danton Heinen\heineda01,21,C,BOS,8,0,0,0,-3,2,0,0,0,0,0,0,0,7,0.0,106,13:14,2,6,0,0,
786,Quinton Howden\howdequ01,25,C,WPG,5,0,0,0,1,0,0,0,0,0,0,0,0,5,0.0,43,8:39,0,4,0,2,0.0
787,Mark Jankowski\jankoma01,22,C,CGY,1,0,0,0,0,0,0,0,0,0,0,0,0,0,,10,10:18,0,1,5,3,62.5
788,Nicklas Jensen\jenseni01,23,RW,NYR,7,0,0,0,-2,0,0,0,0,0,0,0,0,8,0.0,65,9:13,2,7,0,0,
789,Ryan Johnston\johnsry02,24,D,MTL,7,0,0,0,-3,4,0,0,0,0,0,0,0,3,0.0,69,9:52,2,1,0,0,
790,Tomas Jurco\jurcoto01,24,LW/RW,TOT,25,0,0,0,-10,4,0,0,0,0,0,0,0,27,0.0,262,10:30,6,20,0,1,0.0
791,Vladislav Kamenev\kamenvl01,20,LW,NSH,2,0,0,0,-1,2,0,0,0,0,0,0,0,1,0.0,20,10:04,1,1,6,7,46.2
792,Bracken Kearns\kearnbr01,35,C,NYI,2,0,0,0,-1,2,0,0,0,0,0,0,0,3,0.0,22,11:12,2,5,10,7,58.8
793,Nicolas Kerdiles\kerdini01,23,LW,ANA,1,0,0,0,1,0,0,0,0,0,0,0,0,0,,11,11:08,2,0,1,0,100.0
794,Kalle Kossila\kossika01,23,LW,ANA,1,0,0,0,0,0,0,0,0,0,0,0,0,1,0.0,7,6:54,0,1,3,4,42.9
795,Sean Kuraly\kuralse01,24,C,BOS,5,0,0,0,-1,2,0,0,0,0,0,0,0,7,0.0,41,8:11,1,3,1,2,33.3
796,Joseph Labate\labatjo01,23,C,VAN,10,0,0,0,-3,17,0,0,0,0,0,0,0,4,0.0,69,6:53,1,13,1,0,100.0
797,Jacob Larsson\larssja01,19,D,ANA,4,0,0,0,-1,2,0,0,0,0,0,0,0,2,0.0,66,16:26,1,1,0,0,
798,Brian Lashoff\lashobr01,26,D,DET,5,0,0,0,-3,0,0,0,0,0,0,0,0,1,0.0,63,12:31,4,8,0,0,
799,Scott Laughton\laughsc01,22,C,PHI,2,0,0,0,0,0,0,0,0,0,0,0,0,4,0.0,20,10:15,0,3,11,9,55.0
800,Mike Liambas\liambmi01,27,LW,NSH,1,0,0,0,-1,0,0,0,0,0,0,0,0,0,,5,4:42,0,1,0,0,
801,Petteri Lindbohm\lindbpe02,23,D,STL,5,0,0,0,-3,4,0,0,0,0,0,0,0,9,0.0,63,12:41,3,9,0,0,
802,Anton Lindholm\lindhan01,22,D,COL,5,0,0,0,-4,0,0,0,0,0,0,0,0,1,0.0,76,15:09,4,14,0,0,
803,Jamie McBain\mcbaija02,28,D,ARI,3,0,0,0,-1,0,0,0,0,0,0,0,0,3,0.0,50,16:40,4,0,0,0,
804,Max McCormick\mccorma01,24,RW,OTT,7,0,0,0,-3,0,0,0,0,0,0,0,0,7,0.0,47,6:46,1,13,15,9,62.5
805,Evan McEneny\mceneev01,22,D,VAN,1,0,0,0,-1,0,0,0,0,0,0,0,0,1,0.0,15,15:08,0,0,0,0,
806,Julian Melchiori\melchju01,25,D,WPG,11,0,0,0,-3,6,0,0,0,0,0,0,0,9,0.0,194,17:37,21,17,0,0,
807,Zbynek Michalek\michazb01,34,D,ARI,1,0,0,0,0,0,0,0,0,0,0,0,0,0,,16,15:55,3,3,0,0,
808,Sonny Milano\milanso01,20,LW,CBJ,2,0,0,0,-1,0,0,0,0,0,0,0,0,0,,24,11:59,1,1,0,0,
809,Zack Mitchell\mitchza01,24,RW,MIN,11,0,0,0,-1,0,0,0,0,0,0,0,0,10,0.0,93,8:26,3,14,11,8,57.9
810,Jakub Nakladal\naklaja01,29,D,CAR,3,0,0,0,-4,0,0,0,0,0,0,0,0,3,0.0,44,14:30,4,2,0,0,
811,Casey Nelson\nelsoca01,24,D,BUF,11,0,0,0,-3,4,0,0,0,0,0,0,0,10,0.0,139,12:36,5,15,0,0,
812,Aaron Ness\nessaa01,26,D,WSH,2,0,0,0,-1,0,0,0,0,0,0,0,0,0,,26,12:50,2,2,0,0,
813,Cristoval Nieves\nievecr01,23,C,NYR,1,0,0,0,-1,0,0,0,0,0,0,0,0,0,,12,11:44,1,0,3,7,30.0
814,Nelson Nogier\nogiene01,20,D,WPG,3,0,0,0,-1,0,0,0,0,0,0,0,0,4,0.0,38,12:30,1,7,0,0,
815,Tomas Nosek\nosekto01,24,LW,DET,3,0,0,0,1,2,0,0,0,0,0,0,0,10,0.0,30,10:08,0,5,11,6,64.7
816,Liam O'Brien\obrieli01,22,LW,WSH,1,0,0,0,0,0,0,0,0,0,0,0,0,0,,6,6:08,0,1,0,0,
817,Rob O'Gara\ogararo01,23,D,BOS,3,0,0,0,1,0,0,0,0,0,0,0,0,2,0.0,48,16:01,7,3,0,0,
818,Daniel O'Regan\oregada01,23,C,SJS,2,0,0,0,-1,0,0,0,0,0,0,0,0,2,0.0,21,10:23,1,0,8,10,44.4
819,Jordan Oesterle\oestejo01,24,D,EDM,2,0,0,0,-1,0,0,0,0,0,0,0,0,2,0.0,35,17:17,3,2,0,0,
820,Adam Pardy\pardyad01,32,D,NSH,4,0,0,0,-1,6,0,0,0,0,0,0,0,4,0.0,44,10:00,3,3,0,0,
821,Blake Pietila\pietibl01,23,LW,NJD,7,0,0,0,-6,4,0,0,0,0,0,0,0,5,0.0,87,12:29,3,13,22,21,51.2
822,Derrick Pouliot\poulide01,23,D,PIT,10,0,0,0,-4,4,0,0,0,0,0,0,0,10,0.0,144,14:25,8,13,0,0,
823,Ryan Pulock\pulocry01,22,D,NYI,1,0,0,0,1,0,0,0,0,0,0,0,0,0,,4,3:57,1,1,0,0,
824,Mason Raymond\raymoma01,31,LW,ANA,4,0,0,0,-2,0,0,0,0,0,0,0,0,3,0.0,36,8:55,0,3,0,1,0.0
825,Borna Rendulic\rendubo01,24,RW,VAN,1,0,0,0,0,0,0,0,0,0,0,0,0,1,0.0,5,4:51,0,0,0,0,
826,Tanner Richard\richata01,23,C,TBL,3,0,0,0,-2,2,0,0,0,0,0,0,0,1,0.0,38,12:42,2,6,13,17,43.3
827,Buddy Robinson\robinbu01,25,RW,OTT,4,0,0,0,0,2,0,0,0,0,0,0,0,4,0.0,28,6:57,0,9,0,0,
828,Kevin Rooney\rooneke01,23,C,NJD,4,0,0,0,-3,4,0,0,0,0,0,0,0,2,0.0,41,10:11,1,4,10,17,37.0
829,Robbie Russo\russoro01,23,D,DET,10,0,0,0,-2,0,0,0,0,0,0,0,0,5,0.0,155,15:28,7,10,0,0,
830,Miikka Salomaki\salommi01,23,RW,NSH,2,0,0,0,-1,0,0,0,0,0,0,0,0,2,0.0,19,9:34,5,6,0,0,
831,Jordan Schmaltz\schmajo01,23,D,STL,2,0,0,0,0,0,0,0,0,0,0,0,0,1,0.0,27,13:38,0,2,0,0,
832,Mikhail Sergachev\sergami01,18,D,MTL,3,0,0,0,1,0,0,0,0,0,0,0,0,2,0.0,31,10:26,2,7,0,0,
833,Dillon Simpson\simpsdi01,,D,EDM,3,0,0,0,0,2,0,0,0,0,0,0,0,2,0.0,33,10:53,2,3,0,0,
834,Trevor Smith\smithtr01,31,C,NSH,1,0,0,0,0,0,0,0,0,0,0,0,0,0,,7,7:20,2,0,0,8,0.0
835,Blake Speers\speerbl01,20,C,NJD,3,0,0,0,0,0,0,0,0,0,0,0,0,3,0.0,28,9:29,1,1,0,2,0.0
836,Chandler Stephenson\stephch02,22,C,WSH,3,0,0,0,0,0,0,0,0,0,0,0,0,2,0.0,26,8:45,0,0,11,7,61.1
837,Oskar Sundqvist\sundqos01,22,C,PIT,7,0,0,0,0,2,0,0,0,0,0,0,0,7,0.0,59,8:23,1,11,6,14,30.0
838,Nate Thompson\thompna01,32,C,ANA,23,0,0,0,1,9,0,0,0,0,0,0,0,16,0.0,240,10:26,8,56,99,92,51.8
839,Corey Tropp\troppco01,27,RW,ANA,1,0,0,0,-1,0,0,0,0,0,0,0,0,0,,9,9:28,0,2,0,0,
840,Alex Tuch\tuchal01,20,RW,MIN,6,0,0,0,-3,0,0,0,0,0,0,0,0,8,0.0,64,10:42,7,5,0,0,
841,T.J. Tynan\tynant.01,24,RW,CBJ,3,0,0,0,-1,0,0,0,0,0,0,0,0,3,0.0,22,7:29,1,1,0,0,
842,Phil Varone\varonph01,26,C,OTT,7,0,0,0,-3,2,0,0,0,0,0,0,0,1,0.0,56,7:59,1,3,15,12,55.6
843,Linden Vey\veyli01,25,RW,CGY,4,0,0,0,-2,0,0,0,0,0,0,0,0,1,0.0,44,11:01,0,1,9,15,37.5
844,David Warsofsky\warsoda01,26,D,PIT,6,0,0,0,-2,6,0,0,0,0,0,0,0,11,0.0,91,15:10,8,3,0,0,
845,Tyler Wotherspoon\wothety01,23,D,CGY,4,0,0,0,-2,0,0,0,0,0,0,0,0,4,0.0,44,10:54,2,3,0,0,
846,Michael Zalewski\zalewmi01,24,LW,VAN,1,0,0,0,-1,0,0,0,0,0,0,0,0,0,,8,8:03,1,0,0,0,
